Frame, x, y, z, roll, pitch, yaw
0,0,0,0,0,0,0
1,0,0,0.0156357,0,0,0
2,0,0,0.00584579,0,0,0
3,0,0,0.00562843,0,0,0
4,0,0,0.00562843,0,0,0
5,0,0,0.00562843,0,0,0
6,0,0,0.00562843,0,0,0
7,0,0,0.00562843,0,0,0
8,0,0,0.00562843,0,0,0
9,0,0,0.00562843,0,0,0
10,0,0,0.00562843,0,0,0
11,0,0,0.00562843,0,0,0
12,0,0,0.00591316,0,0,0
13,0,0,0.00677673,0,0,0
14,0,0,0.00704376,0,0,0
15,0,0,0.00710373,0,0,0
16,0,0,0.007099,0,0,0
17,0,0,0.00697754,0,0,0
18,0,0,0.00698051,0,0,0
19,0,0,0.00700378,0,0,0
20,0,0,0.00701149,0,0,0
21,0,0,0.00707542,0,0,0
22,0,0,0.00705162,0,0,0
23,0,0,0.00704933,0,0,0
24,0,0,0.00705543,0,0,0
25,0.0604782,0.000995159,0.00647659,-1.5979e-06,0.0012238,-0.000199843
26,0.160698,0.00248957,0.00662308,-7.45685e-06,0.000624895,-0.000387522
27,0.370605,0.00542593,0.00703094,-3.19579e-06,2.14577e-05,-0.000146724
28,0.546455,0.00821733,0.00696884,-3.19579e-06,-0.000162959,-0.000827053
29,0.707664,0.0106702,0.00704514,-3.19579e-06,2.02656e-06,-0.00102797
30,0.878593,0.012898,0.00700157,1.20835e-06,0.000123858,-0.000551929
31,1.05276,0.0153942,0.00695915,3.30692e-06,-5.48363e-05,-0.000106357
32,1.23901,0.0182381,0.00706047,8.00105e-06,-5.36442e-06,-0.000661568
33,1.401,0.0203567,0.00698914,-9.05475e-06,3.6478e-05,-0.000812232
34,1.56381,0.0227518,0.00704475,1.19977e-06,0.000183225,-0.00098136
35,1.75351,0.0252762,0.00698273,1.73662e-05,-3.3021e-05,-0.00057511
36,1.96255,0.0285273,0.00710442,-4.26106e-06,-3.21865e-06,-0.00108974
37,2.20524,0.03194,0.00697372,-3.19579e-06,0.000162721,-0.0010909
38,2.33857,0.033721,0.00705063,8.4954e-06,-0.000153422,-0.000860672
39,2.51186,0.03616,0.0069249,1.09923e-05,-7.18832e-05,-0.00144584
40,2.64989,0.0380292,0.00695511,-5.32632e-06,7.15256e-05,-0.00167603
41,2.77025,0.0397415,0.00696243,8.42789e-06,6.98566e-05,-0.00208115
42,2.92494,0.0418158,0.00699959,3.87652e-06,-6.49691e-05,-0.00180336
43,3.10966,0.0444484,0.00701256,-8.52211e-06,0.000118494,-0.00171033
44,3.24578,0.0462556,0.00697487,1.75538e-05,-3.34978e-05,-0.00141816
45,3.36207,0.0477438,0.00704712,2.36524e-06,-2.563e-05,-0.00127693
46,3.60239,0.050694,0.00699127,-1.5979e-06,-5.43594e-05,-8.82484e-05
47,3.72503,0.0522385,0.00697708,1.98586e-07,7.27177e-06,0.000510482
48,3.90093,0.0548835,0.00701202,-3.19579e-06,8.11815e-05,0.000705228
49,4.07912,0.0578432,0.00705772,-3.72843e-06,6.33001e-05,0.000179422
50,4.28331,0.0609112,0.00704979,-4.26106e-06,-8.84533e-05,0.000461252
51,4.44361,0.0635924,0.00690254,1.23638e-05,-0.000120878,-0.000216072
52,4.58903,0.0653186,0.00703415,3.64242e-07,4.18425e-05,0.00107805
53,4.76306,0.0682702,0.00700752,1.38375e-05,-2.45571e-05,0.000590126
54,4.90207,0.0707307,0.00691017,-4.26106e-06,3.60012e-05,-8.69585e-06
55,5.0582,0.0731668,0.0069577,8.05937e-06,7.39098e-06,-0.00026448
56,5.24438,0.0758114,0.00705429,-2.66316e-06,-6.60419e-05,-0.000721334
57,5.41455,0.078187,0.00697388,4.66277e-06,-4.51803e-05,-0.00012092
58,5.54755,0.0799069,0.00703377,-2.66316e-06,-7.93934e-05,0.000543908
59,5.69317,0.0819778,0.00698677,0,8.9407e-06,0.00068207
60,5.81808,0.0839906,0.0068959,4.32715e-06,-7.56979e-05,0.000935969
61,6.02679,0.0872884,0.00702301,-4.26106e-06,7.05719e-05,0.00103165
62,6.12675,0.0885534,0.0070002,1.984e-06,-2.14577e-06,0.00171551
63,6.31304,0.0914254,0.0069664,-2.66316e-06,5.72205e-06,0.00272433
64,6.46353,0.0939527,0.00695038,5.80168e-06,-9.48906e-05,0.00286283
65,6.5911,0.0960565,0.00696663,-6.39159e-06,0.000140786,0.00297808
66,6.76585,0.0992827,0.00694725,-2.13053e-06,-0.000102878,0.00242509
67,6.94122,0.102525,0.00695602,1.26179e-05,-5.96046e-07,0.00177753
68,7.07152,0.104689,0.0070134,5.69674e-06,-5.36442e-06,0.00164297
69,7.23927,0.107701,0.00695892,3.53839e-06,-3.34978e-05,0.000996294
70,7.36721,0.109591,0.00695579,-2.66316e-06,-0.000138521,0.0013104
71,7.50892,0.112016,0.00699814,3.15243e-06,6.59227e-05,0.000861025
72,7.70216,0.115127,0.00694939,1.71848e-06,5.80549e-05,0.000876873
73,7.86916,0.117684,0.00699898,-1.5979e-05,-7.09295e-05,0.0013448
74,8.01202,0.119936,0.00690575,-1.5979e-06,-6.92606e-05,0.00182735
75,8.16204,0.12243,0.00696594,4.71547e-06,-2.74181e-06,0.00125502
76,8.35854,0.125887,0.00697205,-1.17179e-05,6.90222e-05,0.000258514
77,8.61266,0.129852,0.00700142,2.58653e-06,2.6226e-05,-0.000478195
78,8.71149,0.131364,0.00694756,-1.06526e-05,-7.12872e-05,-0.000653896
79,8.90924,0.134197,0.00694061,1.18437e-05,9.52482e-05,-0.000667955
80,9.08215,0.136611,0.00701836,-5.32632e-07,7.15256e-05,-0.000234647
81,9.26256,0.139134,0.00696594,-2.13053e-05,-0.000120878,-0.000249444
82,9.42286,0.141449,0.0070385,8.99182e-06,4.04119e-05,-0.000489246
83,9.56725,0.143512,0.00693138,4.58381e-06,3.23057e-05,-0.000451543
84,9.73949,0.145795,0.00695602,-4.79369e-06,6.8903e-05,-0.000278575
85,9.87878,0.147772,0.00697594,5.31688e-06,-3.77893e-05,-0.000373692
86,10.0145,0.149408,0.00701805,-5.32632e-07,-9.05991e-06,0.000687479
87,10.1778,0.151803,0.00704445,7.61504e-06,-5.22137e-05,0.000742138
88,10.3606,0.154936,0.00698463,-5.68434e-14,0.000104785,-0.000436578
89,10.5466,0.157675,0.0069474,-1.49137e-05,9.34601e-05,-0.000197267
90,10.7302,0.160139,0.00693939,-2.66316e-06,7.11679e-05,0.000497402
91,10.8597,0.161862,0.00699745,5.23636e-07,-4.20809e-05,0.00074148
92,11.0276,0.164116,0.00700043,-4.79369e-06,0.000117183,0.00219243
93,11.1894,0.166873,0.00691536,-4.79369e-06,-3.19481e-05,0.00226066
94,11.341,0.169469,0.00695244,-5.85895e-06,-1.91927e-05,0.00277092
95,11.5257,0.172815,0.00699898,8.19216e-06,-8.2612e-05,0.00264222
96,11.6591,0.175233,0.00687386,-1.06526e-05,-5.28097e-05,0.00264581
97,11.8267,0.17849,0.00701569,-9.05475e-06,6.65188e-05,0.00186253
98,11.9667,0.180904,0.00694542,4.03079e-06,3.57628e-07,0.0015443
99,12.1073,0.183064,0.007005,1.18569e-06,-1.33514e-05,0.00205719
100,12.2995,0.186382,0.00695732,1.88738e-05,-5.11408e-05,0.00134149
101,12.4872,0.189652,0.00692207,6.4123e-06,3.85046e-05,0.00110184
102,12.6587,0.192712,0.00701317,8.48697e-06,-6.23465e-05,0.000817156
103,12.8242,0.195379,0.00690079,-7.45685e-06,4.04119e-05,0.000465277
104,12.9658,0.197709,0.00695908,7.92775e-06,-0.000119328,0.000311009
105,13.1317,0.200082,0.00697731,2.51449e-07,-2.14577e-06,0.00091199
106,13.2915,0.202233,0.00693932,-5.32632e-06,5.20945e-05,0.00167901
107,13.4799,0.205131,0.00703445,-1.86421e-05,9.36985e-05,0.00166521
108,13.6032,0.207201,0.00691704,7.38857e-06,-4.8995e-05,0.00192401
109,13.7823,0.210578,0.00699593,1.60992e-05,3.20673e-05,0.00106097
110,13.9262,0.212558,0.00696213,-5.32632e-07,-2.93255e-05,0.00201118
111,14.0903,0.215702,0.00704346,-6.92422e-06,-4.48227e-05,0.00142817
112,14.2366,0.218045,0.00699051,-4.26106e-06,1.56164e-05,0.00153378
113,14.4173,0.220966,0.00696045,4.84159e-06,5.84125e-05,0.00172583
114,14.6438,0.224867,0.0069677,-1.54463e-05,-0.000232816,0.00150323
115,14.8951,0.228936,0.00697556,7.27519e-06,1.13249e-05,0.00255558
116,15.0873,0.232614,0.00703735,1.0275e-06,1.40667e-05,0.00167194
117,15.2827,0.235787,0.00697937,-6.92422e-06,-1.65701e-05,0.00223665
118,15.4532,0.238458,0.00707191,7.33126e-07,-5.84126e-06,0.00253725
119,15.6432,0.241852,0.0069104,5.00741e-07,-5.6982e-05,0.0020413
120,15.855,0.245512,0.00700302,-3.72843e-06,-0.000180006,0.00237836
121,16.0116,0.248429,0.00697006,5.01495e-06,9.07183e-05,0.00186041
122,16.1859,0.251494,0.00704964,3.8776e-06,3.19481e-05,0.00176962
123,16.3578,0.254627,0.00694153,-7.45685e-06,-7.12872e-05,0.00167669
124,16.5747,0.257953,0.00695702,-1.86421e-05,2.99215e-05,0.00316075
125,16.782,0.261438,0.00697098,1.10776e-06,2.3365e-05,0.00431681
126,16.9706,0.264944,0.0069725,1.6184e-05,1.8239e-05,0.00417785
127,17.1487,0.268212,0.0069986,-2.50337e-05,6.07967e-05,0.0051714
128,17.3721,0.272009,0.00698753,-7.98948e-06,7.84397e-05,0.00660435
129,17.5536,0.275889,0.0070369,1.11362e-06,-4.48227e-05,0.0070967
130,17.7534,0.280387,0.00695808,5.27304e-07,2.90871e-05,0.00697224
131,17.9709,0.285356,0.00696045,6.96448e-06,2.93255e-05,0.00680448
132,18.1603,0.289483,0.0069603,-2.13053e-06,-2.563e-05,0.00713102
133,18.3514,0.293838,0.00704369,3.98787e-07,4.673e-05,0.00662065
134,18.5279,0.297482,0.00703987,-1.06526e-05,-0.000104427,0.00731488
135,18.7651,0.302166,0.00702805,-2.66316e-06,0.000125408,0.0087567
136,19.0071,0.307653,0.0070047,-1.012e-05,6.67572e-05,0.00924331
137,19.1983,0.312365,0.00698257,2.62872e-06,-4.8995e-05,0.00913818
138,19.4906,0.319472,0.00696632,-6.92422e-06,-0.000111341,0.00815342
139,19.5915,0.321805,0.0069841,3.16412e-06,-9.38177e-05,0.00812182
140,19.8142,0.326638,0.00704231,-3.19579e-06,8.05855e-05,0.00862398
141,20.0043,0.331488,0.00704712,7.64815e-06,-7.39098e-06,0.00796881
142,20.1749,0.335424,0.00696152,-1.06526e-06,1.71661e-05,0.00725001
143,20.3461,0.338849,0.00698555,-3.72843e-06,3.77893e-05,0.00819623
144,20.4998,0.342694,0.00698235,1.32708e-06,6.4373e-06,0.00810013
145,20.6892,0.34725,0.00696671,1.15496e-05,4.35114e-05,0.00733509
146,20.8745,0.351295,0.00702049,3.82851e-06,-2.14577e-06,0.00642613
147,21.1056,0.356271,0.00700439,2.86997e-06,-4.57764e-05,0.00598181
148,21.2878,0.359829,0.00702736,-1.5979e-05,0.000130534,0.00672204
149,21.4733,0.364263,0.00697395,8.32683e-06,-9.10759e-05,0.00604085
150,21.6762,0.368243,0.00699715,-4.26106e-06,9.32217e-05,0.00658084
151,21.8501,0.371983,0.00703468,-1.06526e-06,6.53267e-05,0.00621277
152,21.9937,0.375242,0.00694984,-1.06526e-05,-8.58307e-06,0.00570481
153,22.1846,0.379076,0.00699478,-1.06526e-06,-3.8147e-06,0.00606745
154,22.363,0.382141,0.00694351,2.10682e-07,8.82149e-06,0.00748532
155,22.5434,0.386073,0.00704819,7.72851e-06,0.000116467,0.00782756
156,22.7598,0.390913,0.00703407,-9.58738e-06,-8.2016e-05,0.0082254
157,22.9526,0.395469,0.00703163,3.40536e-06,1.00136e-05,0.00807186
158,23.2216,0.401593,0.00704811,2.56857e-06,-7.61747e-05,0.0086381
159,23.4132,0.406067,0.00696381,-2.66316e-06,9.67979e-05,0.00878405
160,23.6057,0.410809,0.00693573,8.64916e-07,-9.58443e-05,0.00894983
161,23.7615,0.414551,0.00694969,1.30759e-05,0.000146031,0.00833942
162,23.9191,0.418479,0.00703697,4.13935e-07,5.16176e-05,0.0076188
163,24.0596,0.421526,0.0070504,7.35892e-06,3.46899e-05,0.008605
164,24.2686,0.42615,0.00698418,8.3419e-06,8.10623e-05,0.00977183
165,24.4652,0.431061,0.00695206,1.45827e-06,-3.03984e-05,0.00982968
166,24.6371,0.435732,0.00706734,3.0729e-06,1.03712e-05,0.00892807
167,24.901,0.441576,0.00701759,-2.66316e-06,9.72748e-05,0.00927984
168,25.0424,0.445048,0.00692947,-5.32632e-07,-3.88622e-05,0.00950118
169,25.3032,0.451247,0.00699593,-4.79369e-06,-3.3021e-05,0.00949051
170,25.4581,0.455005,0.00703056,8.46791e-08,1.37091e-05,0.0095499
171,25.6874,0.460716,0.00696381,1.8273e-06,-2.07424e-05,0.00938322
172,25.8544,0.464683,0.00696144,6.08151e-06,-0.000123501,0.00948004
173,26.0708,0.470166,0.00700119,-6.39159e-06,1.66893e-06,0.00866802
174,26.2574,0.47488,0.00696281,-3.19579e-06,-5.84126e-06,0.00847513
175,26.4521,0.479783,0.00696556,1.53213e-05,3.25441e-05,0.00794443
176,26.6457,0.484571,0.00692085,-5.85895e-06,5.96046e-06,0.00647161
177,26.8462,0.488685,0.0070874,7.63762e-06,-2.24113e-05,0.00713752
178,27.0139,0.492329,0.00697227,-2.13053e-06,3.99351e-05,0.00742926
179,27.2884,0.498827,0.00693245,-5.32632e-07,1.71661e-05,0.00687774
180,27.4557,0.502523,0.00697166,-3.72843e-06,-7.67708e-05,0.0070934
181,27.6879,0.507594,0.00702202,-1.17179e-05,8.28505e-05,0.00806044
182,27.847,0.511056,0.00702507,1.1569e-05,2.75373e-05,0.00817186
183,28.0319,0.514935,0.0070224,7.90525e-06,1.46627e-05,0.00897267
184,28.2187,0.51966,0.00700104,-2.66316e-06,-3.62396e-05,0.00856914
185,28.4052,0.524406,0.00704613,2.10324e-06,7.99894e-05,0.00775082
186,28.593,0.528533,0.00703018,4.2299e-06,-1.96695e-05,0.00792013
187,28.8506,0.534442,0.00697006,9.0573e-06,-3.57628e-05,0.00809662
188,29.0387,0.538262,0.00693329,-1.70442e-05,-5.96046e-05,0.00916479
189,29.3277,0.545242,0.007033,-9.05475e-06,4.29153e-05,0.00930696
190,29.5332,0.549804,0.00692947,-5.85895e-06,5.09024e-05,0.0100694
191,29.7151,0.554442,0.00692741,-1.38484e-05,4.82798e-05,0.0097886
192,29.8681,0.558292,0.00702736,-1.38484e-05,3.93391e-06,0.009156
193,30.0803,0.563471,0.0070256,-1.5979e-06,3.6478e-05,0.00871093
194,30.3237,0.568903,0.00700386,-2.13053e-06,8.09431e-05,0.00979519
195,30.5289,0.573884,0.00696098,1.80304e-05,-6.60419e-05,0.0100494
196,30.8039,0.580918,0.00699982,-3.72843e-06,-4.68492e-05,0.00923422
197,30.97,0.585154,0.00703995,0,0.000172973,0.00893005
198,31.2223,0.59113,0.00698914,-2.13053e-06,-3.14713e-05,0.00943578
199,31.474,0.597143,0.00702965,7.10769e-06,7.86781e-06,0.00951503
200,31.6812,0.601882,0.00702576,2.62214e-06,0.000104666,0.0103174
201,31.864,0.606553,0.00695229,7.31549e-06,-6.92606e-05,0.0102076
202,32.0667,0.611649,0.00692154,7.28118e-06,1.81198e-05,0.0100767
203,32.2914,0.617443,0.00703529,1.93507e-06,-9.05991e-06,0.00920271
204,32.455,0.621467,0.00694626,8.37894e-06,8.64267e-05,0.00924767
205,32.6784,0.626213,0.00699669,-5.32632e-06,1.90735e-05,0.0109685
206,32.8732,0.631058,0.00696541,-8.52212e-06,-6.12736e-05,0.011446
207,33.0563,0.635737,0.00696999,9.03987e-06,-0.000135303,0.012153
208,33.284,0.641702,0.00703987,6.46257e-07,0.000133991,0.0131762
209,33.5163,0.647969,0.00696548,-3.19579e-06,9.65595e-05,0.0141286
210,33.7473,0.654553,0.00702927,1.16827e-05,-6.07967e-05,0.0146035
211,33.9531,0.660684,0.00703125,-5.32632e-07,-0.000168324,0.0140662
212,34.1915,0.667507,0.00702461,-6.92422e-06,7.43866e-05,0.0142022
213,34.4337,0.674095,0.00697418,4.06314e-06,-8.58307e-06,0.0153229
214,34.6202,0.679836,0.00702957,-6.39159e-06,-0.000104427,0.0149885
215,34.8335,0.68591,0.00705162,1.0168e-06,2.99215e-05,0.0153379
216,35.0488,0.692507,0.00702705,-6.92422e-06,-3.68357e-05,0.0150987
217,35.2495,0.698236,0.006959,-1.38484e-05,-3.14713e-05,0.015946
218,35.4494,0.704064,0.00708305,-1.06526e-06,8.2612e-05,0.0166981
219,35.9226,0.718935,0.00694923,-4.26106e-06,8.40425e-05,0.0176191
220,36.1966,0.727274,0.00696136,0,5.126e-06,0.0194592
221,36.4227,0.7349,0.00696968,5.70173e-07,-0.000147581,0.0197622
222,36.6797,0.743756,0.00710449,1.51659e-06,7.78437e-05,0.0199027
223,36.9405,0.752659,0.0069249,-1.5979e-06,-1.01328e-05,0.0207201
224,37.1553,0.760273,0.00703606,1.12897e-05,4.78029e-05,0.0205001
225,37.4168,0.769379,0.00700859,7.92864e-06,5.05447e-05,0.0202918
226,37.5918,0.775842,0.00704346,1.78785e-05,-9.65595e-06,0.0192083
227,37.7908,0.782856,0.00704987,6.41714e-06,4.50611e-05,0.0184882
228,38.2059,0.796509,0.0069397,-1.22505e-05,-0.000111818,0.0174528
229,38.3999,0.802858,0.00701233,1.06979e-05,4.18425e-05,0.0173871
230,38.7288,0.813874,0.00694283,-1.06526e-05,-1.38283e-05,0.0176182
231,38.909,0.819753,0.00702759,-6.92422e-06,7.43866e-05,0.0175805
232,39.2267,0.830189,0.00699806,4.23378e-06,-2.82526e-05,0.0176452
233,39.5299,0.839812,0.00707779,1.45913e-05,0.000122666,0.0186779
234,39.6915,0.845803,0.00701584,1.62664e-06,4.87566e-05,0.0169785
235,39.9895,0.855077,0.00703056,7.4226e-06,-3.40939e-05,0.0175908
236,40.2379,0.863217,0.00698639,6.54371e-08,-7.24792e-05,0.0180103
237,40.5669,0.874135,0.00706001,-1.43811e-05,-7.67708e-05,0.0183944
238,40.7286,0.879256,0.00702415,-1.06526e-05,-7.67708e-05,0.019213
239,41.0364,0.889817,0.00704559,1.82833e-06,7.73668e-05,0.01889
240,41.2378,0.89636,0.00695168,-4.79369e-06,-3.03984e-05,0.0195085
241,41.4692,0.90428,0.00699158,8.81663e-07,6.54459e-05,0.0194741
242,41.686,0.911784,0.00704247,-2.13053e-06,-4.74453e-05,0.0185912
243,41.9536,0.920927,0.00699394,3.75911e-06,6.81877e-05,0.0186284
244,42.1554,0.927993,0.00700935,1.90287e-05,-0.000132084,0.0175513
245,42.4241,0.936653,0.00699532,-3.19579e-06,5.78165e-05,0.018257
246,42.6696,0.945065,0.00692924,7.87421e-06,-1.66893e-06,0.0177229
247,42.842,0.950694,0.0069313,-2.50337e-05,0.000112295,0.0178846
248,43.0519,0.957752,0.00703674,-2.66316e-06,6.12736e-05,0.0176197
249,43.2303,0.963556,0.00703674,-4.79369e-06,4.44651e-05,0.0170453
250,43.5118,0.972615,0.00694962,-2.13053e-06,-0.000218391,0.0177761
251,43.6901,0.978067,0.00702957,-8.52211e-06,2.72989e-05,0.018206
252,43.8678,0.984187,0.00696747,-1.06526e-06,0.00014627,0.0174213
253,44.128,0.992489,0.00695396,6.90367e-06,-0.000124693,0.0175127
254,44.284,0.997508,0.00695801,5.82753e-06,7.31945e-05,0.0178119
255,44.6105,1.0078,0.0070192,1.6867e-06,5.96046e-07,0.0183636
256,44.7772,1.01303,0.00696403,2.52979e-06,9.53674e-06,0.0188337
257,45.0161,1.02132,0.007062,2.17693e-06,0.00011003,0.0179078
258,45.1698,1.02659,0.00695251,-3.72843e-06,-0.000160933,0.0175213
259,45.431,1.03493,0.00696495,-5.32632e-07,2.94447e-05,0.0180726
260,45.654,1.04226,0.00697266,-1.33158e-05,2.01464e-05,0.0176511
261,45.837,1.04806,0.00700035,-8.52211e-06,-0.00019443,0.0188233
262,46.0927,1.05682,0.00705009,1.76208e-06,3.8743e-05,0.0179511
263,46.2586,1.06248,0.00698013,-9.05475e-06,2.09808e-05,0.0172338
264,46.5664,1.07221,0.00700935,-1.012e-05,-0.000101805,0.0177919
265,46.813,1.07996,0.00701744,-5.85895e-06,-1.07288e-05,0.0179904
266,47.0978,1.08929,0.00699158,-6.39159e-06,-6.60419e-05,0.0185758
267,47.2673,1.09499,0.0069355,7.25545e-06,-2.24113e-05,0.0182717
268,47.5509,1.10442,0.00707466,5.29078e-06,5.81741e-05,0.0185192
269,47.7105,1.10967,0.00695007,-5.85895e-06,-7.72476e-05,0.0188054
270,47.9483,1.11769,0.00705368,-9.05475e-06,0.000135899,0.0192199
271,48.1826,1.12562,0.00702744,2.88944e-06,-1.27554e-05,0.019872
272,48.409,1.13346,0.00694527,1.41633e-05,-4.79221e-05,0.0196432
273,48.6689,1.14228,0.00702202,3.62718e-06,-0.000113964,0.0196625
274,48.9088,1.15059,0.0070211,9.60169e-06,5.31673e-05,0.0196534
275,49.1396,1.15846,0.00697449,-3.19579e-06,6.06775e-05,0.0198709
276,49.3162,1.16488,0.00692162,7.05089e-06,-9.48906e-05,0.0195921
277,49.5872,1.1742,0.00702202,1.42051e-06,3.49283e-05,0.0197897
278,49.7254,1.17885,0.00699135,1.00287e-06,9.44138e-05,0.0203504
279,50.0131,1.18873,0.00700882,-4.26106e-06,-9.799e-05,0.0208272
280,50.1785,1.19467,0.00695435,-1.27832e-05,0.000128508,0.0209843
281,50.5152,1.20703,0.00697823,-3.72843e-06,-4.31538e-05,0.0211755
282,50.6952,1.21361,0.00701492,-3.19579e-06,2.8491e-05,0.0208747
283,50.9301,1.22213,0.00694534,-3.72843e-06,2.63453e-05,0.0207912
284,51.1755,1.23076,0.00705147,-8.52211e-06,3.8743e-05,0.0214429
285,51.3318,1.23641,0.00696892,1.79171e-05,8.49962e-05,0.0206941
286,51.6078,1.24626,0.00697639,0,-5.59092e-05,0.0208172
287,51.8045,1.25348,0.00693306,1.02873e-05,-5.84126e-06,0.0205652
288,52.0732,1.263,0.00689095,-1.49137e-05,3.56436e-05,0.0211462
289,52.2427,1.26936,0.00690994,2.78807e-06,-2.67029e-05,0.0203266
290,52.5836,1.28081,0.00695847,-2.13053e-06,-0.000221014,0.0213103
291,52.7262,1.2861,0.00693634,-4.26106e-06,8.2016e-05,0.0213267
292,53.0154,1.2967,0.00699432,4.92582e-06,0.000159025,0.0201556
293,53.1829,1.30272,0.00691887,-7.45685e-06,2.70605e-05,0.0195414
294,53.5757,1.3166,0.00701439,1.00746e-05,3.48091e-05,0.0187091
295,53.7726,1.32311,0.00700485,4.72723e-06,1.00136e-05,0.0187695
296,54.0346,1.33203,0.00704964,-6.92422e-06,5.29289e-05,0.0190027
297,54.2501,1.3395,0.0070359,3.39185e-06,7.04527e-05,0.0184375
298,54.4106,1.34455,0.00690445,-4.79369e-06,-2.74181e-06,0.0190664
299,54.6604,1.35339,0.00697113,1.56788e-05,-4.37498e-05,0.0185712
300,54.8196,1.35887,0.00701271,2.6002e-06,6.2108e-05,0.018835
301,55.0942,1.36781,0.00700745,-1.70442e-05,0.00018394,0.0192959
302,55.2929,1.37503,0.0069883,1.14475e-05,1.5378e-05,0.0182829
303,55.577,1.38467,0.00699333,6.51677e-06,5.1856e-05,0.0177854
304,55.7543,1.39085,0.0069445,2.58952e-06,0.000114083,0.0167071
305,56.0763,1.40136,0.00699051,-7.98948e-06,-2.74181e-06,0.0157173
306,56.2769,1.40749,0.00701645,1.6356e-05,-0.000134826,0.0157383
307,56.4863,1.41378,0.00701065,5.73241e-06,2.30074e-05,0.0160094
308,56.7001,1.42058,0.00698875,6.48186e-06,0.000145197,0.0151567
309,56.8772,1.42591,0.00695763,-1.22505e-05,-5.80549e-05,0.0158969
310,57.0569,1.43185,0.00702103,7.01983e-06,-9.27448e-05,0.0146396
311,57.2555,1.43803,0.00697601,4.54165e-06,7.90358e-05,0.0146607
312,57.6226,1.44896,0.0068988,-1.06526e-06,3.63588e-05,0.0146802
313,57.7464,1.45262,0.00698128,-3.19579e-06,2.82526e-05,0.0146008
314,58.0017,1.46006,0.00697479,2.28764e-06,-1.65701e-05,0.0145986
315,58.1839,1.46528,0.00700333,-3.19579e-06,-3.14713e-05,0.0150051
316,58.4848,1.47456,0.00698143,-2.13053e-06,0.000104308,0.0147638
317,58.6857,1.48076,0.0070404,-1.012e-05,-3.68357e-05,0.0139657
318,58.8743,1.48655,0.00701981,-4.79369e-06,-7.24792e-05,0.0127181
319,59.0631,1.49211,0.00692619,-1.06526e-06,5.67436e-05,0.0115346
320,59.2521,1.4968,0.00696457,3.97249e-06,-2.93255e-05,0.0123548
321,59.4929,1.50332,0.00695412,3.37872e-06,-3.88622e-05,0.0127326
322,59.694,1.50887,0.00692818,1.85181e-06,0.000214338,0.0126918
323,59.9107,1.51506,0.00697296,3.48352e-06,0.000142217,0.0124659
324,60.1094,1.52094,0.00703224,3.71137e-06,4.99487e-05,0.0112614
325,60.2881,1.52552,0.00696564,1.54986e-05,-8.46386e-05,0.0115158
326,60.4747,1.53003,0.00705261,-1.06526e-06,4.47035e-05,0.0124973
327,60.679,1.53565,0.00698601,6.14097e-06,1.12057e-05,0.0127751
328,60.8594,1.54083,0.00698997,3.38651e-06,3.68357e-05,0.0123563
329,61.0705,1.54646,0.00704651,7.62701e-06,8.89301e-05,0.0128609
330,61.2805,1.55221,0.00694351,6.95396e-06,-2.61068e-05,0.0127822
331,61.5086,1.55864,0.00691421,1.03194e-05,0.000135064,0.0124851
332,61.6969,1.56405,0.00697411,-6.39159e-06,-2.563e-05,0.0125001
333,61.9205,1.57005,0.00704391,1.30126e-06,1.35899e-05,0.0127463
334,62.1947,1.57748,0.00696403,-6.92422e-06,2.93255e-05,0.0129847
335,62.3936,1.58325,0.00700447,4.61425e-06,-4.1604e-05,0.0125187
336,62.648,1.59004,0.00705666,2.39959e-06,4.05312e-05,0.0128667
337,62.7382,1.59258,0.00699562,1.12296e-07,-5.84126e-06,0.012839
338,62.9713,1.59867,0.00697784,1.9396e-05,-8.69036e-05,0.0139139
339,63.1825,1.60466,0.00702682,1.32481e-05,-9.27448e-05,0.0144379
340,63.3782,1.61054,0.00701401,7.36034e-06,0.00014174,0.0139997
341,63.6513,1.61834,0.00702492,0,5.06639e-05,0.0146706
342,63.8295,1.62349,0.00698074,-1.06526e-06,2.8491e-05,0.0147129
343,64.0231,1.62908,0.00698128,-7.98948e-06,1.32322e-05,0.0155286
344,64.2399,1.63593,0.00697662,9.94778e-06,6.12736e-05,0.0150057
345,64.4717,1.64327,0.0069313,-3.72843e-06,-0.000110745,0.0133837
346,64.6628,1.64882,0.00700775,3.05672e-06,4.35114e-05,0.0132179
347,64.8926,1.65524,0.00701233,-3.72843e-06,9.23872e-05,0.0133604
348,65.1197,1.66153,0.00696716,-6.92422e-06,-0.000113964,0.0138852
349,65.3066,1.66693,0.00703651,3.35071e-06,-0.000199199,0.0137022
350,65.5254,1.6733,0.00694366,1.64226e-06,2.63453e-05,0.0137391
351,65.6982,1.67873,0.00702049,-8.52212e-06,-0.000138521,0.0127317
352,65.9647,1.68571,0.0069429,-1.06526e-06,0.000127196,0.0134401
353,66.1332,1.69037,0.00704048,-2.66316e-06,-1.07288e-06,0.0136245
354,66.4014,1.69784,0.00692787,-9.05475e-06,-4.31538e-05,0.0144116
355,66.5701,1.70291,0.00695541,6.03809e-06,4.3869e-05,0.0140211
356,66.7994,1.70943,0.00691162,-7.98948e-06,2.49147e-05,0.014222
357,66.9356,1.71368,0.00694107,1.00958e-05,9.65595e-06,0.0139726
358,67.1773,1.72042,0.00704773,-3.72843e-06,1.93119e-05,0.0146479
359,67.3288,1.72505,0.00695312,5.67641e-06,4.26769e-05,0.0136663
360,67.5147,1.73055,0.00704285,8.20563e-06,7.95126e-05,0.0136476
361,67.7526,1.73746,0.00700897,-1.5979e-05,2.98023e-05,0.0136584
362,67.933,1.74278,0.00707108,-7.98948e-06,0.000190139,0.013544
363,68.166,1.74947,0.00698639,-3.19579e-06,-4.37498e-05,0.0130864
364,68.3365,1.75426,0.00700684,-5.32632e-07,-6.44922e-05,0.0132172
365,68.5295,1.75971,0.00692924,2.27374e-13,0.000180125,0.0132061
366,68.6805,1.76397,0.00699738,7.70297e-06,-0.000134826,0.0129945
367,68.9045,1.77046,0.00702568,-2.66316e-06,8.23736e-05,0.0114807
368,69.0572,1.77465,0.0069664,-2.66316e-06,-6.77109e-05,0.0108711
369,69.2712,1.78052,0.00697601,-8.52211e-06,0.000110865,0.00988019
370,69.4344,1.78463,0.00701401,2.06186e-06,8.22544e-05,0.00960404
371,69.6169,1.78908,0.0069371,2.14148e-06,-5.22137e-05,0.0103179
372,69.8138,1.79429,0.00701508,5.03907e-06,4.78029e-05,0.00989898
373,69.9862,1.79863,0.00705444,9.09574e-09,8.89301e-05,0.00970783
374,70.2431,1.80516,0.00698196,3.22448e-06,7.95126e-05,0.00894834
375,70.4259,1.80912,0.00695847,-1.49137e-05,2.24113e-05,0.00967881
376,70.6037,1.81372,0.00706879,-1.43811e-05,6.42538e-05,0.00929515
377,70.7591,1.81747,0.00697823,1.88628e-06,-2.93255e-05,0.00955043
378,70.9047,1.82089,0.00698372,2.67165e-06,7.689e-05,0.0104453
379,71.0751,1.8254,0.00700966,-1.06526e-06,9.93013e-05,0.0103725
380,71.2696,1.83061,0.00696274,-3.72843e-06,6.9499e-05,0.00982758
381,71.4572,1.83556,0.00699036,9.02632e-06,-5.96046e-07,0.00951235
382,71.5986,1.83929,0.00697746,2.49994e-06,-7.89165e-05,0.00859452
383,71.8275,1.84459,0.00693275,4.11817e-06,-8.15392e-05,0.00820018
384,71.9962,1.84851,0.00699417,-5.85895e-06,8.76188e-05,0.00804674
385,72.2669,1.85471,0.00701141,2.33714e-06,0.000235677,0.00729608
386,72.4747,1.85901,0.00697319,5.82397e-06,-6.28233e-05,0.00793907
387,72.6535,1.86297,0.00704575,4.14079e-06,2.81334e-05,0.00869188
388,72.8136,1.8668,0.00701691,-6.92422e-06,1.88351e-05,0.00854167
389,72.9633,1.87038,0.00693764,-4.26106e-06,3.65972e-05,0.00860682
390,73.1473,1.87469,0.00695396,1.73397e-05,6.10352e-05,0.00808736
391,73.3285,1.87873,0.0068853,-3.19579e-06,7.34329e-05,0.00826807
392,73.5668,1.88422,0.00707169,-9.05475e-06,9.84669e-05,0.00845735
393,73.6977,1.88717,0.00689629,3.14239e-06,2.13385e-05,0.00897224
394,73.8828,1.89172,0.00704178,1.01153e-05,-9.85861e-05,0.00916517
395,74.0435,1.8955,0.00693207,-5.32632e-07,8.2016e-05,0.00872165
396,74.3339,1.90276,0.00704231,8.63039e-06,4.57764e-05,0.00745949
397,74.5113,1.90711,0.00699509,-1.5979e-06,-2.45571e-05,0.00632534
398,74.7299,1.91176,0.00705498,4.18412e-06,-5.59092e-05,0.00667427
399,74.9336,1.91602,0.00687691,-2.13053e-06,-8.57115e-05,0.007247
400,75.0841,1.91955,0.00695091,-1.5979e-06,-7.51018e-05,0.00676611
401,75.3205,1.92449,0.0069973,3.86503e-06,-3.19481e-05,0.00776669
402,75.4847,1.92828,0.00688797,6.72646e-06,2.14577e-06,0.00733729
403,75.658,1.93207,0.00702194,3.24745e-06,2.53916e-05,0.00743086
404,75.8723,1.93672,0.00697365,-1.5979e-06,1.65701e-05,0.00838837
405,75.9982,1.94005,0.00701248,-5.32632e-07,-0.000180602,0.00764022
406,76.1769,1.94399,0.00696487,1.10769e-05,0.000139832,0.00755571
407,76.3926,1.94868,0.00697502,-1.5979e-06,8.34465e-06,0.00753898
408,76.5693,1.95269,0.00706306,-4.26106e-06,7.62939e-05,0.00686198
409,76.7449,1.9564,0.00703712,-9.58738e-06,-1.7643e-05,0.00817217
410,76.9268,1.96035,0.0070401,-1.06526e-06,0.00012362,0.00902143
411,77.1029,1.96455,0.00698448,5.59349e-08,1.5974e-05,0.00917446
412,77.2843,1.96889,0.00693062,7.87341e-07,2.7895e-05,0.0088657
413,77.4782,1.97337,0.00706398,-2.66316e-06,6.77109e-05,0.00907891
414,77.7264,1.9792,0.00698173,2.01652e-05,-6.12736e-05,0.00877197
415,77.9213,1.98368,0.0068969,-2.29032e-05,-8.04663e-05,0.00926836
416,78.1009,1.9879,0.00709412,4.40194e-06,2.06232e-05,0.00937342
417,78.2753,1.99177,0.00702064,7.78148e-06,-1.96695e-05,0.00997798
418,78.5052,1.99748,0.0070063,4.89112e-07,-1.27554e-05,0.0105048
419,78.6553,2.00163,0.00693138,-1.70442e-05,-1.7643e-05,0.00945284
420,78.8488,2.00634,0.00687126,-1.06526e-06,1.9908e-05,0.00866139
421,79.039,2.01077,0.00700081,3.95469e-06,-5.84126e-06,0.0091493
422,79.1838,2.01419,0.00697357,1.91419e-06,7.99894e-05,0.00957469
423,79.3763,2.01916,0.00702583,-8.52212e-06,-0.000138998,0.00868489
424,79.5425,2.02348,0.0069268,1.42206e-05,-0.000156641,0.00755539
425,79.7166,2.02747,0.00705521,-7.45685e-06,8.86917e-05,0.00765394
426,79.8922,2.0311,0.00701187,-6.92422e-06,1.93119e-05,0.00848719
427,80.0532,2.03454,0.00698387,3.5755e-07,3.71933e-05,0.00910103
428,80.267,2.03986,0.00700958,2.27675e-06,-4.26769e-05,0.00841418
429,80.4546,2.04399,0.00698647,-1.5979e-05,1.18017e-05,0.00916263
430,80.6788,2.04955,0.00703255,-3.19579e-06,6.91414e-06,0.00876498
431,80.8632,2.05397,0.00700539,-3.72843e-06,-4.51803e-05,0.0091756
432,81.0613,2.05886,0.00707329,6.07622e-06,1.49012e-05,0.00911302
433,81.2497,2.06375,0.0070697,4.70616e-06,-6.91414e-06,0.00808148
434,81.486,2.06939,0.0069751,-2.13053e-06,-5.38826e-05,0.00797095
435,81.6784,2.07359,0.00701187,9.26915e-07,4.48227e-05,0.00874361
436,81.8886,2.07884,0.00691498,5.04128e-06,1.44243e-05,0.00808425
437,82.0704,2.08335,0.00700386,7.66012e-06,2.44379e-05,0.00776236
438,82.2372,2.08718,0.00699974,-5.32632e-07,-6.98566e-05,0.00737507
439,82.4351,2.0912,0.00694168,2.70785e-06,-0.00010395,0.00804687
440,82.6453,2.09605,0.0070092,-1.5979e-06,7.86781e-05,0.00801301
441,82.8403,2.1006,0.00705536,-7.45685e-06,2.49147e-05,0.00791284
442,83.0333,2.10464,0.00702133,8.47631e-08,0.000115991,0.00880416
443,83.2037,2.10867,0.0070018,2.3891e-06,-1.38283e-05,0.00874716
444,83.438,2.1143,0.00697266,9.13624e-06,-4.63724e-05,0.0084387
445,83.6047,2.11815,0.00698189,4.48725e-06,3.57628e-07,0.00875403
446,83.8147,2.12324,0.00701263,-1.5979e-06,0.000191808,0.0082493
447,83.9483,2.12629,0.0070195,5.21543e-06,-4.20809e-05,0.00819939
448,84.1157,2.13018,0.00692986,-1.43811e-05,-9.9659e-05,0.00781239
449,84.3025,2.13476,0.00700424,-5.32632e-07,9.57251e-05,0.0070224
450,84.4575,2.13814,0.00700516,-6.39159e-06,2.11e-05,0.00725658
451,84.6159,2.14141,0.00701973,-7.45685e-06,7.02143e-05,0.00794277
452,84.8623,2.14677,0.00691597,2.07803e-06,-0.000132084,0.0088085
453,85.0693,2.15196,0.00693832,8.47598e-06,5.26905e-05,0.00795329
454,85.2376,2.15591,0.00698975,1.94216e-06,-3.14713e-05,0.00733347
455,85.4274,2.15999,0.00704514,8.61588e-06,1.33514e-05,0.00762291
456,85.5852,2.16331,0.00699959,-1.17179e-05,1.80006e-05,0.00778691
457,85.7639,2.16717,0.00701736,-5.32632e-06,8.9407e-05,0.00810151
458,85.9578,2.17183,0.00693932,1.13082e-05,-9.64403e-05,0.0075547
459,86.094,2.17521,0.00697487,-9.05475e-06,-1.81198e-05,0.00732075
460,86.2624,2.17854,0.00700272,4.58203e-06,-1.27554e-05,0.00796115
461,86.4657,2.18306,0.00700127,1.1652e-05,-4.37498e-05,0.00840518
462,86.6363,2.18719,0.00689384,-6.92422e-06,2.39611e-05,0.00839649
463,86.8598,2.19265,0.00690254,-1.43811e-05,-1.38283e-05,0.00877216
464,87.0281,2.19651,0.00700783,-1.11853e-05,9.90629e-05,0.0094406
465,87.2347,2.20175,0.0070163,2.67779e-06,-7.89165e-05,0.00914049
466,87.4291,2.2061,0.00692642,-1.012e-05,-0.000116706,0.00987148
467,87.5768,2.20992,0.00703461,-1.012e-05,1.22786e-05,0.00973233
468,87.7769,2.21443,0.00701324,1.18193e-06,4.07696e-05,0.0104125
469,87.9475,2.21874,0.00703606,3.53004e-06,4.05312e-06,0.010041
470,88.1445,2.22379,0.00698433,4.38751e-06,8.9407e-06,0.0103869
471,88.3785,2.22989,0.00691215,-5.85895e-06,0.000123858,0.00959538
472,88.5018,2.23329,0.00705383,3.63214e-06,4.06504e-05,0.00878773
473,88.705,2.238,0.00688698,1.20536e-05,-4.48227e-05,0.00881861
474,88.961,2.24401,0.00702385,-1.06526e-05,7.20024e-05,0.00876958
475,89.1013,2.24703,0.00697655,4.16957e-06,-3.62396e-05,0.00952206
476,89.3286,2.2525,0.00702255,-5.85895e-06,3.96967e-05,0.0100869
477,89.4817,2.2562,0.00700142,-2.13053e-06,2.38419e-07,0.0108737
478,89.7114,2.2622,0.00699387,-9.58738e-06,0.000103593,0.0114042
479,89.8904,2.26699,0.00693428,-2.66316e-06,-0.000157118,0.01087
480,90.0851,2.2722,0.00694138,-6.39159e-06,0.000116348,0.0109818
481,90.2821,2.27726,0.00698692,-6.92422e-06,-1.7643e-05,0.0111825
482,90.4757,2.28248,0.00697647,-3.19579e-06,-4.85182e-05,0.0113472
483,90.9203,2.29418,0.00699013,5.85418e-06,-0.000140071,0.0126543
484,91.1497,2.30066,0.00703239,8.74476e-06,3.33786e-06,0.0115396
485,91.3459,2.30621,0.00702385,9.14935e-06,-1.49012e-05,0.0100132
486,91.4889,2.30971,0.00700172,-5.32632e-06,5.43594e-05,0.0105505
487,91.6613,2.31427,0.00691429,6.01737e-06,-5.75781e-05,0.0102035
488,91.8545,2.31902,0.00696899,6.07997e-10,9.799e-05,0.0104432
489,92.0086,2.32305,0.00700981,7.94457e-06,4.45843e-05,0.00975497
490,92.1787,2.32708,0.00700996,2.1606e-06,-2.39611e-05,0.0101483
491,92.3674,2.33172,0.00694611,1.02054e-05,0.000180483,0.0109869
492,92.5391,2.33612,0.00698753,4.30922e-06,-2.82526e-05,0.0106573
493,92.7,2.34024,0.00701233,-6.39159e-06,0.0001266,0.0104931
494,92.9099,2.34559,0.00699524,4.14093e-06,7.20024e-05,0.011004
495,93.1422,2.35147,0.00690735,-5.85895e-06,9.59635e-05,0.0106717
496,93.3161,2.35587,0.00702194,-5.32632e-07,-0.000130534,0.011003
497,93.487,2.36074,0.00694817,1.37128e-05,5.22137e-05,0.00981647
498,93.6848,2.36565,0.0069323,-6.39159e-06,7.49826e-05,0.00979528
499,93.8275,2.36905,0.00697861,2.11344e-06,-1.65701e-05,0.00988972
500,93.9823,2.37267,0.00698601,-5.32632e-07,-0.000112414,0.0101338
501,94.1603,2.37652,0.00699295,-7.45685e-06,7.06911e-05,0.0112649
502,94.2881,2.37981,0.00700165,5.76722e-06,6.99758e-05,0.0109423
503,94.4839,2.38508,0.00698196,-3.19579e-06,-1.5974e-05,0.0105785
504,94.6514,2.38922,0.00701439,5.81579e-06,-5.96046e-07,0.0107858
505,94.8636,2.39478,0.00702095,-9.05475e-06,1.90735e-05,0.0109425
506,95.0234,2.39867,0.00701698,1.87525e-06,-0.000142217,0.0115001
507,95.2533,2.40448,0.0069722,-2.66316e-06,4.48227e-05,0.012246
508,95.4536,2.41015,0.00697174,2.80049e-06,-7.18832e-05,0.0115494
509,95.638,2.41492,0.00707024,-3.72843e-06,0.000119567,0.0120414
510,95.8379,2.42028,0.00701134,1.58675e-06,-1.70469e-05,0.012076
511,96.0313,2.42551,0.00701263,-4.26106e-06,-1.96695e-05,0.0119697
512,96.1977,2.42994,0.00690674,1.04985e-05,5.73397e-05,0.0129156
513,96.3599,2.43445,0.00705437,1.91577e-06,-0.000118256,0.0130473
514,96.5402,2.43958,0.00691467,-2.66316e-06,4.14848e-05,0.0132368
515,96.6763,2.44333,0.00693695,2.66241e-06,-5.96046e-07,0.0136873
516,96.884,2.44917,0.00699059,-7.98948e-06,7.236e-05,0.0141233
517,97.0397,2.45362,0.00701973,5.64832e-07,4.41074e-06,0.0146663
518,97.2402,2.45939,0.00699005,-1.27832e-05,5.36442e-06,0.0149702
519,97.4741,2.46621,0.00705681,-5.85895e-06,0.000103354,0.0155254
520,97.6296,2.47102,0.00694084,9.51335e-06,-0.000111341,0.0153075
521,97.8027,2.47613,0.00700088,-2.66316e-06,2.46763e-05,0.0161213
522,97.985,2.48219,0.00696426,-9.58738e-06,4.93526e-05,0.0155259
523,98.1231,2.48634,0.00700684,1.08001e-05,6.07967e-05,0.0154568
524,98.3101,2.49192,0.00703567,-5.85895e-06,3.89814e-05,0.0156023
525,98.5156,2.49826,0.00700043,-4.26106e-06,7.80821e-05,0.0153027
526,98.6815,2.50307,0.00694748,3.7611e-06,-0.000157118,0.0159529
527,98.8974,2.51004,0.00699188,5.88964e-06,0.000136018,0.0147657
528,99.0509,2.51419,0.00690605,1.19848e-05,6.10352e-05,0.0160585
529,99.2825,2.52114,0.00703232,-1.5979e-06,3.5882e-05,0.0168129
530,99.4602,2.52668,0.00691322,-1.06526e-06,6.73532e-05,0.017127
531,99.6299,2.53211,0.0070079,8.05963e-06,4.3869e-05,0.0171651
532,99.7915,2.53715,0.00698608,1.2018e-05,6.60419e-05,0.017566
533,100.016,2.54468,0.00697693,-2.13053e-06,5.34058e-05,0.0172385
534,100.179,2.54973,0.00699226,-3.19579e-06,4.76837e-07,0.0175459
535,100.347,2.55496,0.00697968,-1.5979e-06,4.05312e-05,0.0178414
536,100.637,2.56442,0.0070211,-3.19579e-06,0.000154376,0.0175426
537,100.777,2.56894,0.00699493,8.7642e-06,-5.32866e-05,0.0178334
538,101.008,2.57664,0.00695991,1.29043e-05,0.000156164,0.0180101
539,101.193,2.58313,0.00693771,-1.11853e-05,-4.26769e-05,0.0174002
540,101.385,2.58902,0.00697258,-7.45685e-06,0.000157952,0.0182953
541,101.65,2.598,0.00699234,3.76302e-06,-0.000108719,0.0170239
542,101.82,2.60332,0.00701614,-1.06526e-06,-4.85182e-05,0.0177015
543,102.038,2.61051,0.00701141,-9.05475e-06,-3.40939e-05,0.0174327
544,102.191,2.61561,0.00698585,8.83575e-06,1.40667e-05,0.0168119
545,102.439,2.62324,0.00703941,-2.66316e-06,9.04798e-05,0.0171323
546,102.617,2.62895,0.00697067,-6.39159e-06,-4.57764e-05,0.0166042
547,102.773,2.63383,0.00695915,2.38992e-06,2.09808e-05,0.0162953
548,102.968,2.64021,0.00695274,-7.98948e-06,-1.12057e-05,0.0155781
549,103.182,2.64656,0.0069738,-3.19579e-06,-0.000152946,0.0154969
550,103.347,2.65105,0.00703346,1.88366e-06,4.17232e-05,0.0169572
551,103.608,2.65922,0.00698288,6.10134e-06,-0.00010395,0.0172804
552,103.794,2.66535,0.00696297,5.98593e-07,-2.02656e-05,0.017071
553,104.039,2.67307,0.00691765,4.02654e-07,3.57628e-05,0.0179366
554,104.22,2.67906,0.00701118,-6.39159e-06,5.126e-05,0.0179291
555,104.361,2.68365,0.00705421,1.47049e-06,8.46386e-06,0.0186861
556,104.714,2.69534,0.00701744,-4.79369e-06,5.48363e-06,0.0184086
557,104.87,2.70061,0.00699814,-5.32632e-07,-8.89301e-05,0.0182419
558,105.136,2.70952,0.0069664,-5.32632e-07,5.79357e-05,0.018337
559,105.29,2.71441,0.00701935,-3.19579e-06,-8.63075e-05,0.0188575
560,105.537,2.72246,0.00695061,1.16097e-05,-4.26769e-05,0.0190842
561,105.819,2.73199,0.00697647,-8.52211e-06,1.39475e-05,0.019365
562,105.959,2.73654,0.00704811,3.28748e-06,4.58956e-05,0.0200566
563,106.183,2.74421,0.00699974,6.59634e-06,7.55787e-05,0.0202001
564,106.381,2.75128,0.00699814,-4.26106e-06,0.000128746,0.0194818
565,106.635,2.76017,0.00697845,-5.32632e-07,0.000170469,0.0197712
566,106.755,2.76423,0.0069722,8.24194e-06,-0.000104904,0.0205237
567,107.014,2.77303,0.00699448,-2.66316e-06,0.000175714,0.0217811
568,107.184,2.77932,0.00695358,-4.79369e-06,-7.09295e-05,0.0218232
569,107.411,2.78795,0.00701683,4.36759e-07,-0.000147581,0.0207837
570,107.632,2.79602,0.00703049,4.53261e-06,0.000138998,0.0207133
571,107.824,2.80253,0.006968,-2.66316e-06,-4.57764e-05,0.0208798
572,108.072,2.81145,0.00698822,-1.33158e-05,-4.51803e-05,0.0199014
573,108.197,2.81537,0.00697319,5.04995e-06,1.94311e-05,0.020993
574,108.366,2.82164,0.00697556,6.39e-06,6.3777e-05,0.0201694
575,108.62,2.83064,0.00699196,-7.45685e-06,-1.54972e-05,0.0208547
576,108.762,2.83561,0.00696526,1.80388e-06,5.93662e-05,0.0217127
577,109.025,2.84518,0.00705063,-3.19579e-06,-0.000110745,0.0219021
578,109.197,2.85193,0.00694061,2.23472e-07,3.40939e-05,0.0208694
579,109.458,2.86137,0.00691345,5.88403e-06,9.13143e-05,0.0205853
580,109.607,2.86707,0.00698341,2.93431e-06,3.01599e-05,0.0196704
581,109.817,2.87422,0.00693184,7.52158e-06,-6.34193e-05,0.020081
582,110.054,2.88308,0.00695412,1.9163e-05,7.61747e-05,0.0185316
583,110.541,2.89929,0.00699997,2.1465e-05,-7.61747e-05,0.0186568
584,110.793,2.90786,0.00706039,1.04349e-05,-9.58443e-05,0.0184763
585,111.06,2.91633,0.00697861,-9.58738e-06,-4.95911e-05,0.0195341
586,111.257,2.92316,0.00704796,7.08944e-06,2.47955e-05,0.0195855
587,111.419,2.92851,0.00692787,5.97716e-06,-1.01328e-05,0.0200585
588,111.661,2.93687,0.0069738,-6.39159e-06,-2.13385e-05,0.0193549
589,111.836,2.94288,0.00697708,4.72594e-06,-3.62396e-05,0.0192669
590,112.054,2.95007,0.00703041,3.5516e-06,5.84125e-05,0.0201146
591,112.187,2.95492,0.00697906,-2.13053e-06,-2.02656e-05,0.0197845
592,112.382,2.96197,0.00703583,5.94958e-06,3.11136e-05,0.0195734
593,112.58,2.96855,0.00692131,1.2454e-05,-4.63724e-05,0.0195499
594,112.734,2.97408,0.00697556,1.7687e-06,0.000130296,0.0189593
595,113.004,2.98363,0.00697639,1.18732e-06,4.76837e-06,0.0183846
596,113.184,2.98949,0.00702454,-2.66316e-06,1.5974e-05,0.018954
597,113.409,2.99725,0.00693642,-1.012e-05,2.74181e-06,0.0195589
598,113.659,3.00577,0.00704445,8.45286e-07,-1.66893e-06,0.0199322
599,113.864,3.01311,0.00697472,-5.32632e-06,-1.5974e-05,0.0189376
600,114.18,3.02375,0.00703339,8.52029e-06,5.98431e-05,0.0190802
601,114.312,3.02832,0.00694504,7.18672e-06,-8.57115e-05,0.0190976
602,114.606,3.03879,0.00694237,-1.5979e-06,-9.65595e-06,0.0183399
603,114.755,3.04396,0.00697685,2.83531e-06,-0.000154495,0.0177219
604,115.139,3.05633,0.00697838,-1.49137e-05,-6.23465e-05,0.0182423
605,115.295,3.06161,0.00696213,5.30435e-06,3.85046e-05,0.017839
606,115.662,3.07351,0.00707718,2.05717e-06,-0.000110745,0.0182834
607,115.818,3.07814,0.00695137,2.8341e-06,-2.77758e-05,0.0196113
608,116.138,3.08951,0.0069532,4.74294e-06,-4.29153e-06,0.0184205
609,116.279,3.09448,0.00693489,5.25446e-06,-1.87159e-05,0.0174209
610,116.597,3.1044,0.00693939,3.00783e-06,6.05583e-05,0.0180054
611,116.709,3.10789,0.00699898,-5.32632e-07,-4.26769e-05,0.0184617
612,116.855,3.11282,0.00701874,1.8623e-05,0.000132799,0.018661
613,117.153,3.12224,0.00691521,-1.012e-05,-0.000111341,0.0206551
614,117.311,3.1278,0.00691208,6.09669e-06,9.76324e-05,0.0208751
615,117.631,3.13921,0.00704826,-4.79369e-06,0.000105381,0.0209811
616,117.771,3.14409,0.00691376,-3.19579e-06,-0.000118256,0.021647
617,118.016,3.15348,0.00697853,-2.66316e-06,-3.21865e-06,0.0202091
618,118.273,3.16224,0.00701584,-5.85895e-06,-3.83854e-05,0.021006
619,118.572,3.17252,0.00703255,4.40333e-06,0.000132799,0.0216853
620,118.695,3.177,0.00701126,-2.66316e-06,-4.20809e-05,0.0217021
621,118.911,3.18453,0.00699944,-1.17179e-05,2.2769e-05,0.0223017
622,119.123,3.19215,0.00692154,1.04929e-05,-5.54323e-05,0.0230802
623,119.302,3.19907,0.00701027,-3.19579e-06,-5.28097e-05,0.0222916
624,119.562,3.20851,0.00697227,-1.06526e-06,-9.32217e-05,0.0224475
625,119.671,3.21232,0.00703606,-7.45685e-06,6.8903e-05,0.0229976
626,119.84,3.21841,0.00698402,-3.72843e-06,9.07183e-05,0.0242514
627,120.096,3.22867,0.00690689,7.09726e-06,2.11e-05,0.0236345
628,120.234,3.23411,0.00702789,1.21323e-07,-4.29153e-06,0.0233953
629,120.408,3.24092,0.00701927,2.03673e-05,-7.29561e-05,0.0228859
630,120.647,3.24955,0.00699753,3.00222e-06,2.36034e-05,0.0240636
631,120.83,3.25652,0.00703232,1.59274e-05,1.29938e-05,0.0243488
632,121.129,3.26849,0.00701477,-3.72843e-06,7.06911e-05,0.0240262
633,121.262,3.27393,0.00701668,-4.79369e-06,2.58684e-05,0.0234795
634,121.649,3.28913,0.00705856,4.49825e-06,9.93013e-05,0.0222538
635,121.796,3.29451,0.00692741,-1.012e-05,-6.44922e-05,0.0225768
636,122.161,3.30834,0.00704033,1.07275e-06,7.22408e-05,0.0228103
637,122.31,3.31401,0.00694702,3.97486e-06,-2.563e-05,0.0221358
638,122.584,3.32402,0.00697891,-9.58738e-06,-9.0003e-05,0.0225013
639,122.724,3.32925,0.00700432,-3.19579e-06,5.68628e-05,0.0223897
640,122.975,3.33872,0.00699089,4.16974e-06,-6.55651e-05,0.0223914
641,123.137,3.34488,0.00704506,6.82786e-07,7.53403e-05,0.0222246
642,123.268,3.34984,0.00694405,-2.13053e-06,-4.68492e-05,0.0221308
643,123.391,3.35455,0.00696587,-2.13053e-06,-2.14577e-06,0.0217842
644,123.673,3.36472,0.00701721,-2.66316e-06,-5.75781e-05,0.0225004
645,123.827,3.37084,0.00697212,5.03474e-06,6.31809e-06,0.0214393
646,124.126,3.38175,0.00702713,1.67751e-05,3.62396e-05,0.0213135
647,124.341,3.38948,0.00696266,-1.06526e-06,7.29561e-05,0.0216879
648,124.673,3.40196,0.00700211,-1.54463e-05,7.08103e-05,0.0210762
649,124.871,3.40909,0.00696213,7.57671e-06,0.000124454,0.0209088
650,125.131,3.41794,0.00697212,-5.32632e-06,-1.65701e-05,0.022033
651,125.297,3.42413,0.00692093,2.17178e-07,-4.31538e-05,0.0218751
652,125.629,3.43646,0.00701042,6.82738e-06,2.74181e-05,0.0212373
653,125.818,3.44337,0.00707069,7.17963e-06,8.04663e-05,0.0209245
654,126.113,3.45409,0.00688667,8.3989e-06,1.8239e-05,0.0206477
655,126.297,3.46039,0.00706787,7.83311e-06,-8.63075e-05,0.0209586
656,126.566,3.46952,0.00699669,-7.98948e-06,1.33514e-05,0.0220323
657,126.741,3.47622,0.00697418,1.82001e-08,1.16825e-05,0.0218401
658,126.926,3.4828,0.00696503,6.93763e-06,-8.58307e-06,0.0224345
659,127.179,3.49201,0.00694336,2.18551e-05,-0.000129461,0.0223585
660,127.5,3.50368,0.00695023,1.08558e-05,-1.18017e-05,0.0236266
661,127.727,3.51242,0.00704277,-3.72843e-06,4.27961e-05,0.023764
662,127.829,3.51625,0.00697792,4.37193e-07,7.15256e-06,0.0239037
663,128.164,3.52934,0.00694504,-8.52211e-06,-3.62396e-05,0.0238388
664,128.361,3.53705,0.00697571,4.80613e-06,-7.29561e-05,0.0240287
665,128.602,3.54632,0.0069902,6.61661e-07,3.12328e-05,0.0249452
666,128.748,3.55194,0.00695793,-1.33158e-05,-1.66893e-06,0.0252198
667,129.044,3.56379,0.00697754,2.4629e-06,7.34329e-05,0.0244335
668,129.198,3.56988,0.00692398,1.18827e-05,-5.96046e-07,0.0239109
669,129.335,3.57552,0.0069902,4.66412e-06,9.50098e-05,0.023193
670,129.606,3.58576,0.00696327,1.5722e-05,-1.96695e-05,0.0234976
671,129.695,3.58906,0.00695015,-3.19579e-06,-8.2612e-05,0.0238653
672,130.018,3.60202,0.00701851,9.99227e-06,-3.08752e-05,0.0222418
673,130.224,3.60955,0.0069854,-8.52212e-06,3.46899e-05,0.0225016
674,130.456,3.61837,0.00703346,7.75599e-06,-0.000180006,0.0221075
675,130.695,3.62693,0.00707626,8.47081e-06,0.000207305,0.0232146
676,130.877,3.63376,0.00690193,2.76284e-05,-9.05991e-05,0.0232728
677,131.153,3.64432,0.00699036,2.23412e-05,-3.57628e-05,0.0240828
678,131.287,3.64989,0.00689842,-9.58738e-06,1.0848e-05,0.0226669
679,131.566,3.66045,0.00700745,-5.85895e-06,0.000129819,0.0228871
680,131.714,3.66581,0.00695641,1.89687e-06,-3.99351e-05,0.0234064
681,131.987,3.6764,0.0070343,3.77023e-06,-3.3021e-05,0.0225847
682,132.13,3.68165,0.00693191,-9.05475e-06,-3.8147e-06,0.0228534
683,132.468,3.6946,0.006996,-6.92422e-06,9.46522e-05,0.0237836
684,132.66,3.70193,0.00686722,2.13878e-05,-6.38962e-05,0.0236232
685,132.833,3.70838,0.00697082,-6.92422e-06,-3.34978e-05,0.0241498
686,133.082,3.71829,0.00695778,8.73065e-07,1.16825e-05,0.0239946
687,133.276,3.72591,0.00696426,-1.5979e-06,-0.000177383,0.024005
688,133.609,3.73866,0.00703896,5.43471e-06,0.000195384,0.0245521
689,133.735,3.7437,0.00690025,-6.39159e-06,-5.91278e-05,0.0248186
690,134.043,3.75612,0.00697601,-4.26106e-06,5.67436e-05,0.0251123
691,134.219,3.76294,0.00693726,-1.5979e-06,-8.2016e-05,0.0254432
692,134.573,3.77703,0.00701065,1.22346e-06,0.000154018,0.0265707
693,134.761,3.78482,0.00704613,-1.012e-05,6.74725e-05,0.0271395
694,135.003,3.79509,0.00697456,-7.45685e-06,7.92742e-05,0.0269145
695,135.148,3.80115,0.00688004,1.57956e-05,-4.68492e-05,0.0262561
696,135.468,3.81428,0.00700233,1.2533e-05,5.55515e-05,0.0259403
697,135.625,3.82095,0.00696037,-7.45685e-06,-4.26769e-05,0.0253476
698,135.881,3.83151,0.0071019,7.99656e-06,5.6386e-05,0.0248786
699,136.099,3.84007,0.00694832,8.87444e-06,8.70228e-06,0.0256799
700,136.283,3.84738,0.00691185,5.99246e-06,5.23329e-05,0.0258006
701,136.613,3.86093,0.00694199,-2.13053e-06,-7.35521e-05,0.0245755
702,136.809,3.86817,0.0069738,1.35505e-06,-2.74181e-06,0.025903
703,137.109,3.88026,0.00699524,-4.79369e-06,4.05312e-06,0.0270204
704,137.305,3.88865,0.00696663,2.51612e-05,7.98702e-06,0.0262902
705,137.542,3.89831,0.00695114,-5.32632e-06,-0.000158787,0.0265539
706,137.718,3.90524,0.00693985,2.08483e-06,0.000107527,0.0270883
707,137.989,3.91688,0.00692177,1.90766e-05,5.22137e-05,0.0261812
708,138.14,3.92315,0.00697456,1.14192e-06,-2.28882e-05,0.0250943
709,138.326,3.9312,0.00702103,-8.52211e-06,0.000111699,0.0234425
710,138.629,3.94297,0.00698463,-1.49137e-05,2.6226e-05,0.0232887
711,138.786,3.94839,0.00688782,1.74411e-06,-8.40425e-05,0.0246279
712,139.026,3.95791,0.00696587,-1.27832e-05,-9.85861e-05,0.0247826
713,139.196,3.96493,0.00703667,3.2648e-06,3.05176e-05,0.0240459
714,139.396,3.97249,0.00704285,-2.13053e-06,-0.00012517,0.0247609
715,139.667,3.98372,0.00694038,6.50006e-06,1.80006e-05,0.0237622
716,139.834,3.99036,0.00703476,-2.13053e-06,9.2268e-05,0.0240765
717,140.085,4.00024,0.00701843,5.9545e-06,0.000141501,0.0235278
718,140.241,4.00592,0.00688591,1.78212e-06,-6.02007e-05,0.0245035
719,140.541,4.01772,0.00702949,8.07436e-08,-0.00010395,0.0244947
720,140.744,4.02566,0.00694069,-1.06526e-06,-3.21865e-06,0.0248071
721,140.966,4.03498,0.00702103,5.10311e-06,3.33786e-05,0.023366
722,141.142,4.0415,0.00700653,-1.06526e-05,5.88894e-05,0.0239138
723,141.472,4.05445,0.00704796,-3.19579e-06,1.63317e-05,0.0237366
724,141.604,4.05961,0.00697693,-9.05475e-06,-3.03984e-05,0.0236805
725,141.795,4.06708,0.00696533,1.54209e-05,1.74046e-05,0.0233394
726,142.093,4.07907,0.00700813,5.00318e-06,2.40803e-05,0.0220162
727,142.227,4.08402,0.00698082,-5.85895e-06,4.92334e-05,0.021959
728,142.632,4.09913,0.00691803,4.76741e-06,0.000137448,0.0217183
729,142.828,4.10632,0.00693947,-4.26106e-06,-5.28097e-05,0.0220152
730,143.19,4.11973,0.00704826,-3.72843e-06,3.46899e-05,0.0223854
731,143.36,4.12587,0.00689095,1.04691e-05,3.38554e-05,0.0224509
732,143.614,4.13567,0.0070372,3.24399e-07,2.30074e-05,0.0222091
733,143.773,4.1417,0.00690552,-1.17179e-05,6.28233e-05,0.0221268
734,143.966,4.14913,0.00697235,-1.11853e-05,-0.000166774,0.0212479
735,144.131,4.15529,0.00701653,8.12504e-06,0.000143409,0.0206751
736,144.274,4.16058,0.00693214,-4.79369e-06,-2.14577e-06,0.0201703
737,144.582,4.17115,0.00697418,3.86527e-07,8.40425e-05,0.0206284
738,144.751,4.17718,0.00703423,4.17297e-06,3.18289e-05,0.0206839
739,145.106,4.18976,0.00698471,0,-5.22137e-05,0.020933
740,145.256,4.1953,0.00700279,-4.79369e-06,7.39098e-06,0.0209388
741,145.535,4.20543,0.00697456,6.03577e-06,-9.90629e-05,0.0205305
742,145.677,4.21063,0.00701172,8.7966e-06,8.29697e-05,0.019964
743,145.875,4.21759,0.00700638,-6.92422e-06,-2.14577e-06,0.0197628
744,146.097,4.22516,0.00695152,-1.06526e-06,3.34978e-05,0.0204674
745,146.243,4.23052,0.00699181,2.93235e-06,8.65459e-05,0.0196611
746,146.413,4.23646,0.00702904,4.16978e-06,-2.14577e-06,0.0195983
747,146.639,4.24389,0.00693291,-6.39159e-06,3.8147e-06,0.0207563
748,146.81,4.25026,0.00696663,5.94983e-06,0.000105381,0.0201321
749,147.137,4.26196,0.00705208,-1.5979e-06,0.000152111,0.0195796
750,147.299,4.26799,0.00692879,0,-3.24249e-05,0.0184478
751,147.444,4.27296,0.00699638,7.21904e-06,2.86102e-06,0.0176519
752,147.742,4.28269,0.00695587,-7.45685e-06,5.01871e-05,0.0178352
753,147.892,4.28766,0.00695351,4.79246e-06,-8.36849e-05,0.017899
754,148.125,4.29489,0.00695015,5.91494e-07,4.04119e-05,0.0189396
755,148.251,4.29941,0.00696861,4.01304e-06,7.22408e-05,0.0184653
756,148.456,4.30629,0.00694534,3.57713e-06,4.97103e-05,0.0181759
757,148.575,4.31034,0.00696518,-4.79369e-06,4.25577e-05,0.0179294
758,148.732,4.31554,0.00699959,-1.86421e-05,2.44379e-05,0.017788
759,148.991,4.3241,0.00701942,-2.66316e-06,7.29561e-05,0.0170166
760,149.151,4.3293,0.00690758,3.65215e-07,7.27177e-06,0.0166051
761,149.296,4.33385,0.00703331,-8.52211e-06,7.70092e-05,0.016326
762,149.518,4.34096,0.00695679,2.38101e-06,-3.3021e-05,0.0163553
763,149.675,4.34581,0.00697456,-1.86421e-05,-2.02656e-05,0.0167083
764,149.855,4.35168,0.00704201,-2.66316e-06,6.31809e-06,0.0164231
765,150.053,4.35766,0.006968,1.94802e-06,0.000132084,0.0166952
766,150.208,4.36238,0.00696518,-1.5979e-06,-7.67708e-05,0.0173449
767,150.363,4.3674,0.0070211,6.82984e-07,1.54972e-05,0.0174276
768,150.536,4.37296,0.00701408,7.86432e-06,-2.18153e-05,0.0171937
769,150.711,4.37848,0.00698235,4.44435e-07,0.000149608,0.0178716
770,150.926,4.38554,0.007015,-6.92422e-06,-7.67708e-05,0.0177942
771,151.111,4.39114,0.00698402,-2.07727e-05,-3.73125e-05,0.0184095
772,151.282,4.39708,0.00696777,-2.13053e-06,-9.90629e-05,0.0175524
773,151.495,4.404,0.00699387,-2.13053e-06,-8.40425e-05,0.0176755
774,151.651,4.40913,0.00698173,3.39326e-07,8.47578e-05,0.0179159
775,151.779,4.41317,0.00696197,-7.98948e-06,-0.00011611,0.0183487
776,152.001,4.42055,0.00699852,5.74282e-08,6.65188e-05,0.0182665
777,152.241,4.42876,0.0069548,3.95074e-06,-6.91414e-06,0.0174525
778,152.408,4.43421,0.00700745,2.26386e-06,0.000151157,0.0172277
779,152.616,4.44075,0.00698196,4.08799e-06,-5.96046e-05,0.0168715
780,152.784,4.44656,0.00699989,5.96914e-06,0.000244975,0.0159497
781,152.969,4.45246,0.00695969,-1.06526e-06,0.00011301,0.0150938
782,153.129,4.45762,0.006978,-2.13053e-06,-8.52346e-05,0.0142777
783,153.267,4.46159,0.00693886,2.44792e-06,5.11408e-05,0.0149619
784,153.466,4.46744,0.00700851,-1.06526e-05,-3.83854e-05,0.0151245
785,153.618,4.47194,0.00705238,3.97401e-06,1.39475e-05,0.0152547
786,153.784,4.47721,0.00698128,-2.13053e-06,2.40803e-05,0.0145036
787,153.961,4.48293,0.00698059,-2.66316e-06,8.47578e-05,0.0128558
788,154.1,4.48703,0.00690956,4.52056e-06,-6.49691e-05,0.0124289
789,154.28,4.49185,0.00705299,1.68978e-05,-4.74453e-05,0.0128262
790,154.433,4.4961,0.00698624,4.60804e-06,3.71933e-05,0.0128396
791,154.614,4.5011,0.00696335,2.84399e-06,-1.70469e-05,0.0129546
792,154.808,4.50657,0.00703667,-2.13053e-06,6.75917e-05,0.0126528
793,155.006,4.51225,0.0070163,7.26629e-06,1.49012e-05,0.0118531
794,155.194,4.51736,0.00699661,-1.5979e-06,-6.55651e-05,0.0114428
795,155.361,4.52174,0.00705048,-3.19579e-06,1.71661e-05,0.0110869
796,155.548,4.52641,0.00706772,7.18409e-06,1.33514e-05,0.0120437
797,155.746,4.53154,0.00695412,9.55237e-06,-0.000111818,0.012063
798,155.916,4.53621,0.00704315,1.00099e-05,6.91414e-05,0.0116908
799,156.059,4.54005,0.0070285,1.9869e-06,-4.42266e-05,0.0116198
800,156.258,4.54521,0.00695877,-5.85895e-06,8.51154e-05,0.0115448
801,156.418,4.54967,0.00692368,1.13074e-05,-5.28097e-05,0.0109666
802,156.582,4.55391,0.0069957,-5.85895e-06,-3.08752e-05,0.0106924
803,156.755,4.5583,0.00688965,6.94839e-06,9.57251e-05,0.0106751
804,156.925,4.56257,0.00704628,3.55271e-15,-3.8147e-06,0.0107917
805,157.115,4.56756,0.00697311,1.54042e-05,-2.50339e-05,0.0113425
806,157.325,4.57341,0.00694542,-6.92422e-06,-5.80549e-05,0.010004
807,157.462,4.57691,0.00698341,1.24834e-06,5.94854e-05,0.0100232
808,157.643,4.58168,0.00701202,5.58462e-06,-1.12057e-05,0.0094499
809,157.821,4.58588,0.00701714,1.80732e-06,5.1856e-05,0.0100907
810,157.992,4.59011,0.00695526,-1.22505e-05,4.24385e-05,0.0105605
811,158.328,4.59831,0.00698906,-2.66316e-06,7.24792e-05,0.0125656
812,158.425,4.6011,0.00700699,2.38371e-06,-2.02656e-05,0.0124268
813,158.629,4.60684,0.00706047,-9.05475e-06,1.63317e-05,0.0122578
814,158.767,4.61059,0.00691986,8.58412e-06,-0.000125766,0.0119614
815,158.923,4.61462,0.00705559,-5.85895e-06,-8.78572e-05,0.011962
816,159.061,4.61818,0.00692223,-2.024e-05,3.44515e-05,0.0123666
817,159.255,4.62346,0.00696594,5.75057e-06,2.37226e-05,0.0125226
818,159.453,4.62845,0.00697159,-3.72843e-06,-2.34842e-05,0.0139488
819,159.603,4.63289,0.00698601,-1.012e-05,-8.30889e-05,0.0133844
820,159.739,4.63686,0.00692406,6.12774e-06,5.22137e-05,0.0129694
821,159.916,4.64199,0.00696945,-6.92422e-06,-6.87838e-05,0.012975
822,160.06,4.64581,0.0069648,-1.5979e-06,-4.42266e-05,0.0129393
823,160.231,4.65057,0.00694176,1.27358e-05,1.5974e-05,0.0134287
824,160.378,4.65511,0.00699425,1.45465e-06,-2.563e-05,0.0126122
825,160.511,4.65893,0.00697906,4.06145e-06,0.000162244,0.0128251
826,160.758,4.66553,0.00700218,-6.39159e-06,1.20401e-05,0.0139317
827,160.91,4.66976,0.00694481,6.79969e-06,7.54595e-05,0.0140594
828,161.127,4.67579,0.00699944,5.80564e-06,-4.26769e-05,0.0146387
829,161.316,4.68113,0.00695724,-1.33158e-05,4.92334e-05,0.0150566
830,161.45,4.68509,0.00697685,1.2646e-05,-4.26769e-05,0.0147464
831,161.636,4.69032,0.00698509,-5.32632e-06,2.57492e-05,0.0160924
832,161.795,4.69539,0.00698502,9.68852e-06,-8.09431e-05,0.0155209
833,161.958,4.70029,0.00693695,5.14309e-06,-3.73125e-05,0.0158413
834,162.089,4.70433,0.00695984,-1.06526e-06,6.56843e-05,0.0162969
835,162.255,4.70929,0.00701805,-3.72843e-06,2.37226e-05,0.0166812
836,162.433,4.71482,0.00695343,1.19409e-05,-4.51803e-05,0.0167863
837,162.58,4.7195,0.00689774,2.36014e-06,-4.68492e-05,0.0164017
838,162.774,4.72571,0.00697739,3.15371e-06,8.33273e-05,0.0166562
839,162.937,4.73107,0.00694229,-3.72843e-06,-3.19481e-05,0.0158558
840,163.071,4.73531,0.00702675,-3.19579e-06,4.48227e-05,0.0160002
841,163.218,4.7398,0.006968,-5.32632e-07,-1.5974e-05,0.0167052
842,163.401,4.74578,0.00699539,6.50396e-06,-1.38283e-05,0.0172818
843,163.599,4.752,0.00695587,-9.58738e-06,2.09808e-05,0.0178458
844,163.789,4.75851,0.00707016,5.27821e-06,-2.45571e-05,0.0174701
845,163.915,4.76271,0.00696144,6.51934e-06,2.3365e-05,0.0170857
846,164.076,4.76762,0.0069751,-2.66316e-06,4.35114e-05,0.0182658
847,164.236,4.77308,0.0069635,6.36048e-06,-6.12736e-05,0.0179327
848,164.396,4.77858,0.00701256,2.25343e-06,6.2108e-05,0.0173025
849,164.561,4.78339,0.00701828,-1.33158e-05,-1.70469e-05,0.0183019
850,164.726,4.78905,0.00689865,-1.49137e-05,-5.85318e-05,0.0180985
851,164.903,4.79462,0.00701332,-1.5979e-06,6.29425e-05,0.0190127
852,165.037,4.79937,0.00707069,3.66768e-06,5.29289e-05,0.0183156
853,165.198,4.80447,0.0069561,-3.19579e-06,-6.12736e-05,0.0187431
854,165.375,4.81054,0.00693886,-1.06526e-05,-1.01328e-05,0.0188794
855,165.518,4.81534,0.00702072,-1.06526e-06,-9.42945e-05,0.0189754
856,165.694,4.82143,0.00697807,-4.79369e-06,0.000111699,0.0183445
857,165.853,4.82662,0.00698944,-2.13053e-06,5.06639e-05,0.0185087
858,165.984,4.8308,0.00691406,-5.32632e-06,-5.80549e-05,0.0187865
859,166.13,4.83562,0.00698929,-1.5979e-05,8.30889e-05,0.0199853
860,166.27,4.8406,0.00697914,-1.5979e-06,2.61068e-05,0.0193203
861,166.448,4.84664,0.00700035,5.88517e-06,6.87838e-05,0.0198457
862,166.572,4.85125,0.00697067,6.91282e-06,-0.000113964,0.0193085
863,166.771,4.85856,0.00689705,1.27464e-05,1.46627e-05,0.0175317
864,166.936,4.86389,0.00695877,5.42268e-06,-7.72476e-05,0.0176818
865,167.089,4.86892,0.00695274,8.08053e-06,-3.62396e-05,0.0176065
866,167.17,4.87142,0.00691483,1.7404e-05,-0.000131011,0.0177341
867,167.342,4.87679,0.00694275,1.12092e-06,-6.81877e-05,0.0189023
868,167.481,4.88119,0.00691811,-7.45685e-06,0.000112414,0.020023
869,167.639,4.88674,0.00703461,2.94589e-06,-8.2016e-05,0.0198044
870,167.784,4.89182,0.00702682,3.65542e-07,3.38554e-05,0.0195472
871,167.94,4.89721,0.00691322,-1.38484e-05,-0.000107646,0.0194732
872,168.12,4.90308,0.00702316,6.41429e-06,8.46386e-05,0.0202206
873,168.243,4.90763,0.00692886,5.4816e-07,-5.28097e-05,0.0195253
874,168.397,4.913,0.00702515,2.4341e-05,8.11815e-05,0.0194171
875,168.524,4.91703,0.00690651,-2.27374e-13,-0.000119925,0.0200571
876,168.669,4.92193,0.00697494,-6.92422e-06,1.81198e-05,0.0210981
877,168.798,4.92682,0.00700836,1.30226e-05,1.5974e-05,0.0207018
878,168.927,4.93132,0.00685783,-4.79369e-06,-3.21865e-06,0.0206693
879,169.054,4.93576,0.00701187,2.86074e-06,3.93391e-05,0.020382
880,169.226,4.94137,0.00691208,-4.79369e-06,-6.6638e-05,0.0216784
881,169.325,4.94491,0.0070005,-6.39159e-06,-4.1008e-05,0.0221412
882,169.49,4.95092,0.00698441,3.70225e-07,7.689e-05,0.022332
883,169.624,4.95575,0.00701736,-1.27832e-05,-0.00013423,0.0228881
884,169.795,4.96237,0.00691071,-1.06526e-05,8.76188e-05,0.0224408
885,169.874,4.96527,0.00697693,0,-0.000254035,0.0226263
886,170.037,4.97143,0.00693436,-2.13053e-06,8.58307e-06,0.0227079
887,170.168,4.97648,0.00696037,2.22903e-06,-2.82526e-05,0.0226835
888,170.311,4.98171,0.00697632,2.19048e-06,-0.00010705,0.0230246
889,170.443,4.98695,0.00694817,1.17409e-05,3.68357e-05,0.0220756
890,170.583,4.99237,0.00695503,-1.22505e-05,-6.60419e-05,0.0219423
891,170.716,4.99712,0.00702843,-1.22505e-05,-6.91414e-06,0.0228527
892,170.856,5.00233,0.00697746,6.119e-06,6.24657e-05,0.0228666
893,170.963,5.00636,0.00690079,-4.79369e-06,-3.24249e-05,0.0232019
894,171.086,5.01128,0.00690918,1.40248e-05,-0.000115037,0.022218
895,171.233,5.01657,0.00699043,1.21945e-05,4.88758e-06,0.0224293
896,171.361,5.02103,0.00699234,-4.26106e-06,2.53916e-05,0.0229354
897,171.49,5.02596,0.00693268,-2.66316e-06,9.02414e-05,0.0226274
898,171.615,5.03057,0.00701256,-3.19579e-06,-8.58307e-06,0.0227441
899,171.721,5.03479,0.00696259,4.15115e-06,-0.000132084,0.0223494
900,171.878,5.04062,0.00701347,-2.66316e-06,0.000143766,0.021716
901,171.992,5.04476,0.00701317,-4.79369e-06,-1.65701e-05,0.0216354
902,172.169,5.05126,0.00696037,-6.92422e-06,-4.79221e-05,0.0214857
903,172.268,5.05498,0.00695747,-4.79369e-06,-9.53674e-05,0.0212313
904,172.409,5.0601,0.00700638,6.24771e-06,-2.28882e-05,0.0213192
905,172.612,5.06778,0.00692993,1.25947e-05,3.27826e-05,0.0206146
906,172.764,5.07313,0.00697685,-8.52212e-06,-6.49691e-05,0.0207591
907,172.863,5.07678,0.0069989,0,-0.000126839,0.0207428
908,173.011,5.0819,0.00694298,-5.85895e-06,9.65595e-06,0.0212852
909,173.153,5.08668,0.00698257,7.59856e-06,3.6478e-05,0.0221859
910,173.298,5.09204,0.00697838,-5.85895e-06,4.54187e-05,0.0225797
911,173.442,5.09721,0.0069043,1.24447e-05,8.82149e-06,0.0234544
912,173.598,5.10346,0.00704445,8.93671e-06,3.24249e-05,0.0229587
913,173.723,5.10817,0.00696968,-2.13053e-06,-8.40425e-05,0.0233064
914,173.873,5.11398,0.00694664,1.17162e-05,9.23872e-05,0.0230757
915,173.999,5.11848,0.00702072,-2.13053e-06,-2.45571e-05,0.0239344
916,174.18,5.12586,0.0069326,4.58653e-06,3.40939e-05,0.0229727
917,174.292,5.1302,0.00697693,9.57067e-07,8.22544e-06,0.0220209
918,174.426,5.13516,0.00696602,3.80054e-06,-2.50339e-05,0.022034
919,174.599,5.14193,0.00702522,-1.33158e-05,-1.01328e-05,0.0212258
920,174.729,5.14648,0.00690407,3.26563e-06,7.16448e-05,0.0210685
921,174.88,5.15166,0.00702995,-1.54463e-05,-3.21865e-06,0.0215547
922,175.008,5.15596,0.00699318,3.34926e-06,9.77516e-06,0.0224754
923,175.17,5.16204,0.00694664,2.26203e-06,-1.07288e-06,0.022404
924,175.28,5.16621,0.00702217,6.59264e-06,-0.000108123,0.022315
925,175.421,5.17141,0.00697784,-6.39159e-06,0.000102639,0.0225941
926,175.584,5.17789,0.00688042,3.87018e-06,-5.75781e-05,0.0220781
927,175.737,5.18378,0.00695305,1.71501e-06,-8.30889e-05,0.0217918
928,175.918,5.19009,0.00700829,-2.13053e-06,-2.67029e-05,0.0227905
929,176.03,5.19431,0.00693977,4.87625e-07,4.02927e-05,0.0228089
930,176.19,5.20062,0.00696136,-6.39159e-06,1.78814e-06,0.0223364
931,176.313,5.20538,0.00690742,1.80757e-06,5.17368e-05,0.0219585
932,176.436,5.20996,0.00691612,4.12027e-06,2.30074e-05,0.0221316
933,176.653,5.2179,0.00698303,-1.06526e-06,-8.36849e-05,0.0227629
934,176.803,5.22319,0.00698372,-1.5979e-06,5.62668e-05,0.023677
935,176.93,5.228,0.00693207,1.51738e-05,-2.39611e-05,0.0242717
936,177.039,5.23238,0.00700829,-2.66316e-06,-2.82526e-05,0.0242239
937,177.207,5.23888,0.00688454,-4.79369e-06,-8.40425e-05,0.0240274
938,177.354,5.24436,0.00698051,5.91176e-06,0.000168562,0.0242145
939,177.518,5.25061,0.00703621,-1.06526e-06,-0.000148535,0.0246391
940,177.612,5.25458,0.00695259,-4.26106e-06,-5.54323e-05,0.0238835
941,177.752,5.25977,0.00703339,-3.72843e-06,8.51154e-05,0.0248391
942,177.872,5.26448,0.00702484,1.50109e-06,-3.03984e-05,0.0246701
943,178.01,5.27,0.00693039,-5.32632e-06,-9.9659e-05,0.0245
944,178.128,5.27461,0.00694435,3.31671e-06,-8.63075e-05,0.0247629
945,178.286,5.281,0.00696503,-7.98948e-06,-2.28882e-05,0.0240601
946,178.414,5.2861,0.00697113,-4.26106e-06,9.85861e-05,0.0236824
947,178.524,5.29048,0.00698769,-7.98948e-06,-0.000133753,0.0231557
948,178.66,5.29547,0.00703293,6.99313e-06,-7.89165e-05,0.0235669
949,178.791,5.30055,0.00691849,-7.45685e-06,5.56707e-05,0.0238168
950,178.888,5.30437,0.00705162,2.06362e-06,-0.000157714,0.0235713
951,179.039,5.31029,0.00688904,7.57096e-07,4.35114e-05,0.0232639
952,179.144,5.31455,0.00695488,-5.32632e-07,-0.000133157,0.022277
953,179.272,5.31922,0.00701874,5.2531e-06,3.93391e-05,0.0225476
954,179.408,5.32444,0.0069886,8.80804e-06,-2.02656e-05,0.0222322
955,179.531,5.32914,0.0069175,-1.06526e-06,1.97887e-05,0.0219336
956,179.683,5.33467,0.00696381,7.41119e-06,1.49012e-05,0.0223233
957,179.775,5.33816,0.0069651,1.25158e-05,-6.98566e-05,0.0222177
958,179.934,5.34399,0.00697235,-1.38484e-05,-9.27448e-05,0.0223676
959,180.082,5.34922,0.00694252,3.94936e-06,0.000133514,0.0226756
960,180.191,5.35317,0.00697517,-2.13053e-06,-1.7643e-05,0.0233341
961,180.314,5.35819,0.00697784,-1.22505e-05,1.50204e-05,0.0226747
962,180.423,5.36223,0.00700653,-4.79369e-06,-1.44243e-05,0.0228815
963,180.635,5.37006,0.00702499,-1.27832e-05,-0.000140667,0.0230929
964,180.739,5.37389,0.00694473,-2.13053e-06,-0.00013268,0.0234696
965,180.867,5.37858,0.00695084,-9.05475e-06,0.000182629,0.0242399
966,180.989,5.38347,0.0069841,1.39843e-06,-3.21865e-06,0.023992
967,181.139,5.3893,0.00699409,4.93843e-06,-0.000100732,0.0238941
968,181.276,5.39461,0.00693962,-9.58738e-06,0.000104666,0.024116
969,181.405,5.39974,0.00703682,2.99053e-06,-5.85318e-05,0.0238416
970,181.499,5.40349,0.00695763,-1.81095e-05,6.48498e-05,0.0240725
971,181.624,5.4082,0.00693603,-1.11853e-05,2.28882e-05,0.0244729
972,181.751,5.41316,0.00700127,-5.85895e-06,-2.74181e-06,0.0245147
973,181.854,5.41732,0.00699829,6.67928e-06,1.77622e-05,0.0237692
974,182.02,5.424,0.0070153,9.15172e-06,-7.83205e-05,0.0226496
975,182.122,5.42805,0.00696472,1.45634e-05,-6.87838e-05,0.0215735
976,182.232,5.43238,0.00696648,-5.85895e-06,0.000165582,0.0212528
977,182.328,5.42724,0.00161476,-0.00249485,-0.00327575,0.0209615
978,182.314,5.43391,0.0211187,0.059202,0.00191307,0.0200182
979,182.293,5.43581,-0.0397665,-0.0269064,-0.0209627,0.0210861
980,182.292,5.43449,-0.0356676,-0.0487801,-0.0239253,0.0221527
981,182.293,5.42943,-0.0309459,-0.0352608,-0.0192674,0.0216362
982,182.291,5.43382,-0.0340892,-0.0524712,-0.0240718,0.0217941
983,182.293,5.42068,-0.037301,-0.0468391,-0.023349,0.0215843
984,182.293,5.41499,-0.035046,-0.0435107,-0.0219945,0.0213434
985,182.293,5.41325,-0.0358388,-0.0462676,-0.0230758,0.0216381
986,182.294,5.41008,-0.0367247,-0.0467513,-0.0231642,0.0220557
987,182.294,5.40249,-0.0255844,-0.0307531,-0.0160429,0.0214746
988,182.297,5.3985,-0.0340914,-0.0444679,-0.022753,0.0215641
989,182.294,5.3867,-0.0337803,-0.0419608,-0.0212541,0.0215992
990,182.294,5.38491,-0.0367278,-0.0463816,-0.0231354,0.0214704
991,182.294,5.38378,-0.0356341,-0.0480711,-0.023291,0.0220796
992,182.294,5.37826,-0.0360303,-0.0463992,-0.0229393,0.021769
993,182.293,5.37397,-0.0363679,-0.0478091,-0.023389,0.0213301
994,182.294,5.36804,-0.0371444,-0.0473436,-0.0235913,0.0218468
995,182.294,5.36589,-0.0356105,-0.0476386,-0.023293,0.021699
996,182.294,5.36409,-0.0330081,-0.0462927,-0.0216787,0.0218591
997,182.294,5.34878,-0.0333126,-0.0448136,-0.0216211,0.0223341
998,182.294,5.34422,-0.0331942,-0.0397642,-0.0207236,0.0215952
999,182.297,5.33737,-0.0339585,-0.0419645,-0.0218086,0.0220622
1000,182.295,5.33554,-0.0181491,-0.0287222,-0.0132545,0.0219711
1001,182.295,5.33496,-0.0330997,-0.0522954,-0.0244493,0.0223675
1002,182.301,5.30715,-0.0240135,-0.037509,-0.0170063,0.0215959
1003,182.298,5.30082,-0.0112366,-0.0129621,-0.00744832,0.0205996
1004,182.297,5.30246,-0.0176456,-0.0274465,-0.0137967,0.0203356
1005,182.299,5.30278,-0.0070034,-0.0155427,-0.00699937,0.020205
1006,182.298,5.29761,-0.0376223,-0.0445068,-0.0238672,0.0203036
1007,182.298,5.29603,-0.0344109,-0.0482528,-0.0242848,0.0200316
1008,182.298,5.29119,-0.0293797,-0.0358158,-0.0179949,0.019557
1009,182.299,5.29271,-0.0187301,-0.0290934,-0.014225,0.0193784
1010,182.299,5.2785,-0.0232666,-0.0307265,-0.015,0.0192042
1011,182.299,5.28007,-0.0144059,-0.0284703,-0.0127805,0.0192025
1012,182.299,5.2798,-0.0230465,-0.0355543,-0.0171838,0.0193638
1013,182.299,5.28085,-0.0244929,-0.0303872