Frame,x,y,z
0,-0.0051333007231040804,0.029257255359398684,-0.30510620719793835
1,-0.022254930890536567,0.029729213203853008,-0.26258239790474813
2,0.009910063073393345,0.02550036112023141,-0.30497666910543636
3,0.006464358384859204,0.026595318850836137,-0.3066188118790968
4,0.013025787277184162,0.0307406287765346,-0.3060688522805144
5,0.00226985300161669,0.030935741693241533,-0.30603773795750366
6,0.0004555225754170174,0.030576981166638494,-0.3083027576454592
7,0.009033995784023629,0.031006251188990683,-0.3064237120606429
8,-0.002367183394938503,0.030711771460375105,-0.30565490229886805
9,0.008170493107106366,0.028182916979799175,-0.30779786816885457
10,-0.0012795191057093913,0.028808660779812922,-0.30637628403899864
11,0.007844912652980672,0.030604682977704235,-0.30573814455001935
12,-0.00739775266656142,0.027937212125755922,-0.3067742521457799
13,0.0005431918260277002,0.03049466258228898,-0.3065664056725441
14,0.004611617830485938,0.027054266115240522,-0.30775941769372467
15,-0.0034259713778691608,0.029986327758792772,-0.30670769783315727
16,0.002386371920102411,0.02646558196559274,-0.3069188560417073
17,0.00037635473190691536,0.026787991258414943,-0.3068498894112706
18,-0.004050022550769799,0.027681622681984812,-0.3061861645593275
19,0.0020809111128171137,0.029719787132796185,-0.3056835949162446
20,0.005117864304542467,0.029410483112898983,-0.3077487393326601
21,0.006203448209685181,0.02958360477880214,-0.3073184405790488
22,0.0043084218710579035,0.031038034211942993,-0.30713365117790725
23,0.00687322904157313,0.03017076335671729,-0.30603738485888393
24,0.001370475003377074,0.030436102362119598,-0.30752231361918864
25,0.13196139171394553,0.030160925425071275,-0.2866342081002706
26,0.13220467507081712,0.030278541478447964,-0.28661310257181566
27,0.2951376950495679,0.03147982797018535,-0.30823021839820136
28,0.43507010466947393,0.033198160098815564,-0.3064477331314154
29,0.5830107888686897,0.037732756184772016,-0.3028755618803552
30,0.7386301784592232,0.034781973123101356,-0.3009004641763965
31,0.8990688377591057,0.039244136491512205,-0.30090856317702636
32,1.0769382543884785,0.04295470339951031,-0.3032643487103034
33,1.2787292548633118,0.040623556249226166,-0.30530808533268217
34,1.43679187637826,0.04216478179593022,-0.30429041974670834
35,1.6176436224227744,0.04021136187222958,-0.3065535559230842
36,1.843655670671582,0.04555117748154508,-0.30711343466308677
37,1.9826892716594233,0.04801409659599018,-0.3027126647389581
38,2.2250447718812345,0.05003879363776271,-0.3044323553474531
39,2.363300416236528,0.053305910373654536,-0.30293010430808665
40,2.507728782183325,0.05191712729469992,-0.30509341194052586
41,2.674659761453838,0.05705998866897853,-0.30286046217360396
42,2.8228898847792996,0.05300082134720409,-0.3053190616192417
43,2.976290184065659,0.05922320627414424,-0.30620545919869346
44,3.141830370841608,0.059075861817023866,-0.30911146091493685
45,3.2859586388948476,0.0588484782923907,-0.30853638572862696
46,3.413030987227531,0.06240893563407662,-0.3050623292360066
47,3.6446003763050494,0.057691800088095206,-0.30556452306600695
48,3.8136607157599944,0.0544597819829493,-0.308203897904834
49,3.9571512119547,0.0557161872167988,-0.30573358669234896
50,4.176564460893528,0.0620589453212616,-0.30673698524795795
51,4.354312505480144,0.06436386360537825,-0.30193050459253995
52,4.497634261581255,0.061751028081223125,-0.303622306982492
53,4.656668743225676,0.07449192181612532,-0.3044330209999832
54,4.817562671126217,0.0854877286777534,-0.30948775977390536
55,4.944437738677053,0.0906692610126658,-0.308944014749759
56,5.113596722108309,0.09925548650342568,-0.3034397107884137
57,5.281873635566044,0.10955384546198521,-0.29986524464924486
58,5.426667986160612,0.11789366613307807,-0.300736800018271
59,5.528215397085184,0.126416459725186,-0.3028533405325894
60,5.810982486968358,0.12819953464392103,-0.2995307398422237
61,5.813703659539003,0.12894565033179914,-0.2995770150626203
62,5.98676622016889,0.1294293146476724,-0.2983698596980894
63,6.103173243583376,0.1271736809766316,-0.2984456642095764
64,6.269037902285194,0.13502596996338587,-0.29711689540262043
65,6.437148363956437,0.13290192763954323,-0.2983456927283708
66,6.54472572885186,0.13161872934506344,-0.3015772203337086
67,6.774529227033837,0.13713959406556256,-0.2983141413269875
68,6.887666944784165,0.13988678665972157,-0.3002658065741094
69,7.035032692933671,0.1484429500462745,-0.29985021876690643
70,7.201379676909963,0.14907180441060078,-0.3021457777546781
71,7.373415506017524,0.1476026044556021,-0.30201551629138595
72,7.478324338311035,0.15006965559975424,-0.30378342054868257
73,7.694778340260939,0.15189884746410579,-0.3036594476766175
74,7.838482213336264,0.14856553068996767,-0.30607882666530084
75,8.00068249362173,0.15039209309148843,-0.30598739159831795
76,8.361593365043065,0.16262462661914742,-0.3072540770186247
77,8.361889750426323,0.162539535813058,-0.30722853911276643
78,8.56361723692536,0.15986312029219585,-0.3086898008728785
79,8.70876373100505,0.16322055375746844,-0.3082842934231785
80,8.902791775002383,0.1669308650003909,-0.3091002506993389
81,9.055882491359709,0.16940175877750813,-0.3101295799491002
82,9.270274082131548,0.17056295788511522,-0.3120230844674413
83,9.466575807437462,0.16845474133953814,-0.31743820623325214
84,9.579143206291642,0.16697919702530226,-0.3150874924452018
85,9.770201514010367,0.17292762862357683,-0.3098971821788707
86,9.901434580394158,0.17308440509656967,-0.31342640751207756
87,10.165546332660428,0.18485486961360084,-0.3080248755144198
88,10.165455637650698,0.1848173769838004,-0.3080574297233213
89,10.385248541133782,0.18478913063729874,-0.3146130776948891
90,10.531001820977314,0.1887645646729268,-0.3205203401561512
91,10.73233667418087,0.1896028256779593,-0.3153699768067715
92,10.852830648054871,0.18983843372787218,-0.31731502477438045
93,11.019849046963701,0.19011317797103267,-0.3186882560849439
94,11.180421355278398,0.18547889510822096,-0.31595970515319743
95,11.31386708893218,0.18619236002562714,-0.31714366109866304
96,11.512861467865363,0.1859284457408029,-0.3211170363005809
97,11.631017975264733,0.1937562943843966,-0.3205228926482895
98,11.948394774893766,0.2021229270881512,-0.3188891134007377
99,11.95406948068008,0.20213280030837513,-0.3181731925199471
100,12.108310711518463,0.20288733273393283,-0.3183651995648114
101,12.30007164897028,0.19878488651634912,-0.3195592457692201
102,12.464461975187382,0.2029994439066295,-0.3190267885730067
103,12.655504776638118,0.20592421454126347,-0.3169225810902967
104,12.782774150069992,0.20514356219160165,-0.3186961319099942
105,12.945487574301325,0.2049453749066078,-0.31670360677771675
106,13.122895441556766,0.20723434657334494,-0.31922157921288624
107,13.294406421321453,0.2040537440226996,-0.3240550963833485
108,13.451906011020892,0.20731271559529593,-0.32167869125044696
109,13.575290612944308,0.20637514409208016,-0.3220533044159775
110,13.786929640072234,0.20740364209825124,-0.315141655445257
111,13.890793999220211,0.20466034596312338,-0.31242565934044364
112,14.073028466061027,0.2109496172096137,-0.3188354922656546
113,14.240393945051622,0.21242356450804356,-0.32032641489739383
114,14.46786874015295,0.21376656795976917,-0.3180408722829388
115,14.720271770118556,0.2150369660745718,-0.3175655832801581
116,14.924005227864109,0.21966679358721167,-0.32392664710128904
117,15.096084099323633,0.22119902121275187,-0.32187926386830323
118,15.29115104515213,0.2240523448976793,-0.3113183789985377
119,15.456115653615694,0.22237293688812126,-0.3172999182678338
120,15.643034154870795,0.22161868044173974,-0.3239973452745956
121,15.847492291231331,0.23322838658358747,-0.32844123697067173
122,16.01848686337516,0.2392986425092555,-0.331244315350509
123,16.158666088530207,0.23928561581523033,-0.32665871571109234
124,16.360937535889875,0.24160463993827255,-0.33147699486219656
125,16.61740634593733,0.2492820239036273,-0.33092517501532986
126,16.788716969659017,0.25211589376715593,-0.33233208487239896
127,16.965849197550074,0.25665580088962114,-0.3327571818194566
128,17.16388457647868,0.2597236992972592,-0.3338167287031524
129,17.372915593463972,0.264708977048159,-0.335845543588348
130,17.568370958871412,0.26749416880983157,-0.3358105979731548
131,17.762912686800277,0.2710704934274732,-0.3326930447042533
132,17.980922641589572,0.27954969007150215,-0.3300145195043917
133,18.141273141818694,0.2846851477572132,-0.3296362291100428
134,18.574081101452983,0.28593124441811996,-0.33332000769267056
135,18.578095097161924,0.2863781608474469,-0.3322973370242111
136,18.858626429546877,0.2947663854494676,-0.3249774097768981
137,19.213313581585957,0.3031286634300304,-0.33170356138917917
138,19.216425078558213,0.30395067044327323,-0.3320088008709172
139,19.548656492556464,0.324976691348512,-0.3227216882792463
140,19.664221208696507,0.31767404794815923,-0.31904489669242286
141,19.920371378267223,0.3345475740351931,-0.32519208261388
142,20.02243696219486,0.337411267831465,-0.3261022488681374
143,20.24346296981215,0.34802903593487405,-0.31005696712986086
144,20.378293118165377,0.3447429791055063,-0.30905624325367037
145,20.559108713458187,0.35639578584870774,-0.32169406170792747
146,20.739798589970185,0.3581884997233038,-0.3250178422387681
147,21.007287416212424,0.35402281849114686,-0.33130401296622614
148,21.186705410089978,0.37959728058699277,-0.3259750136454804
149,21.37349307898737,0.37790060152887206,-0.3325394259325788
150,21.557262133478762,0.3786082475651984,-0.3291257973925189
151,21.743543327168055,0.383213045081881,-0.3332909414142636
152,21.886219102401476,0.39404181727575277,-0.33146082800363164
153,22.0484282520597,0.39655775359787604,-0.33028725826214494
154,22.239637594787396,0.38334125439003464,-0.3276106301749629
155,22.468813510579285,0.3977196786953489,-0.3258204454161067
156,22.642285849554742,0.3995355890688407,-0.3283099527229144
157,22.84390078263644,0.40564484053836836,-0.3273674180636723
158,23.07934872381821,0.4098324629439467,-0.32609164385939404
159,23.307677603137837,0.41598116710982774,-0.32839925811513354
160,23.51404753453705,0.41455017400791816,-0.3316125810764832
161,23.69884553365455,0.42214447955936046,-0.33679551932403656
162,23.837971081182815,0.41847613720471855,-0.3288205695827275
163,24.00987987421252,0.4149792059922291,-0.33014567147637697
164,24.13725531982757,0.41910352684570207,-0.3309528581891418
165,24.390501919081643,0.41787812281620884,-0.32996082525494735
166,24.706423083039816,0.4254587887903262,-0.3323679614110004
167,24.712797679361373,0.4271035651811041,-0.3321664898606792
168,25.002472848200206,0.4364533109632788,-0.3315989016820223
169,25.14537287529576,0.44367620821653525,-0.3311293127257574
170,25.374228126928337,0.4484128773068269,-0.32673044869485957
171,25.518592743386044,0.4484267477095441,-0.31947644977308015
172,25.77849608196097,0.4552621324388457,-0.3314298416814271
173,25.933448982807498,0.4577099377668078,-0.33468002477706754
174,26.15006700143247,0.46449473111833195,-0.33445131497018765
175,26.313109336236426,0.46845896484716526,-0.33918286747303933
176,26.573037706413654,0.4903036633278167,-0.3336951575741261
177,26.722813364941736,0.4760344898357747,-0.3372903545032639
178,26.914069791306847,0.48526385226757934,-0.33271904832256755
179,27.14503474888312,0.49779697692938457,-0.3312338126847188
180,27.3823326982492,0.500590087033539,-0.3330225905430314
181,27.54473867228117,0.5048952265388615,-0.3261300134498311
182,27.76983789358957,0.5144449516335683,-0.33202333038546733
183,27.93830962151802,0.5172990456696775,-0.32996385120351845
184,28.1210497228712,0.515727746756555,-0.3246039808941525
185,28.315108197970495,0.5255455885424877,-0.3259176422486969
186,28.494857558431626,0.530501102397105,-0.332518974372097
187,28.689425014642534,0.5355927948341559,-0.3290915753285396
188,28.937166377499306,0.5385666275883152,-0.3265989667432898
189,29.199747475749547,0.5358519638241916,-0.3348618465867329
190,29.466477205273808,0.5323807259936029,-0.33500192862046946
191,29.639474064927686,0.5454196721911901,-0.33223969611297893
192,29.8373210093588,0.5529713573659816,-0.3244714503588338
193,29.972146520359743,0.5572151073819207,-0.3224848164856637
194,30.18249489970676,0.5617778279340284,-0.3286084058889405
195,30.421150684596732,0.5674593324890415,-0.32488760594920935
196,30.65571065371608,0.5714153659038116,-0.3188459200640144
197,30.887788244316713,0.583420623715849,-0.3195375072301345
198,31.108601947031925,0.5848139244848274,-0.33244923958325073
199,31.40327929146458,0.5915281498227847,-0.3337388803857534
200,31.58391437307802,0.5934393505003764,-0.3266558199777197
201,31.76726700024273,0.5976235616583694,-0.3277976893830695
202,31.971472039526688,0.6080007831235362,-0.328165538116529
203,32.12145705197627,0.615275666085227,-0.32707017191130217
204,32.35884758847116,0.6089962961104118,-0.3332571158796343
205,32.55571870749623,0.6199468564205637,-0.3319705392006818
206,32.80715343966634,0.6287892773466699,-0.32978232003782737
207,32.99697001739672,0.6348623429981622,-0.3327272559692605
208,33.18774712658657,0.6414341085521434,-0.3255932762757972
209,33.40689941247272,0.649876004002461,-0.329363257106855
210,33.60489600988921,0.6564914932052984,-0.32884348112343714
211,33.84774481452444,0.6593921454100572,-0.3286227848917768
212,34.07075039745214,0.6739168306550821,-0.32956667157599695
213,34.34108503473075,0.6784737667632106,-0.3337080692888108
214,34.539976240510995,0.6881445739530592,-0.3342913466540801
215,34.746648591409574,0.6971614930834079,-0.33139093141372783
216,34.9520550697719,0.6919969045911052,-0.3375360566660245
217,35.13688966564955,0.70297682590741,-0.33436463067653727
218,35.33874762905543,0.7135093135809747,-0.3314390491919923
219,35.737060225481486,0.7204013045578858,-0.3209829105141725
220,36.0221604391727,0.7348050259953718,-0.3320597791467977
221,36.29833966844815,0.7375643474608264,-0.32483244416586526
222,36.51061517436818,0.7437945917939149,-0.3252247943195116
223,36.750322934740474,0.7548251203447803,-0.32948763745790405
224,37.025609764642844,0.767099158887525,-0.32870001914901514
225,37.23943124979958,0.7737872319918132,-0.3284909388843196
226,37.536554871897046,0.779108662533547,-0.3333582140207275
227,37.71625697050044,0.787583571601371,-0.3307433711577817
228,38.03400001634803,0.7962960887524052,-0.3315688826782489
229,38.28519953386345,0.798606217304139,-0.3289571626103737
230,38.474794116885846,0.8052593966375429,-0.33161787559387046
231,38.82068996600395,0.815191917688513,-0.33248742544850873
232,39.26831734553352,0.8307237539146183,-0.3263737882138757
233,39.28707016536127,0.829662642883118,-0.32662394500306474
234,39.59018315355999,0.8451485142494081,-0.3191947648474442
235,39.74806835256842,0.8467655392399989,-0.32756728034111776
236,40.11279403258192,0.8534839872402691,-0.32802500095016024
237,40.32106252129363,0.8614189134694631,-0.32859843866701594
238,40.616400384033994,0.8735462415825683,-0.32913092050527487
239,40.79124067401256,0.8774071193825481,-0.3289039371359361
240,41.12348228858636,0.891485920026708,-0.32510632262824773
241,41.30006535491823,0.8985102587328486,-0.32835115097083617
242,41.69776125305022,0.9161054843587608,-0.3242745368380559
243,41.70160729258573,0.9163325905797809,-0.3243629382004758
244,42.000324337016046,0.9308904655295019,-0.32390456637477927
245,42.24564012623657,0.9316238059230867,-0.3230782636010039
246,42.460758557362226,0.9453354836772919,-0.3255269780332602
247,42.75043424528037,0.9490831022946032,-0.32689995651127934
248,42.90238796454974,0.9517516912042324,-0.32605099999641285
249,43.14086907750375,0.9599144518588568,-0.3176835947431782
250,43.27481550148705,0.9605226954947341,-0.3193501182872327
251,43.560037372857195,0.973955985460903,-0.318854265017944
252,43.73466198522198,0.9785922764934514,-0.31986282876392946
253,43.90668286565644,0.983918077900666,-0.3211744055578276
254,44.15858786255656,0.9905944740630953,-0.31927378906702303
255,44.404250533479036,1.0033986266517714,-0.31821928411955536
256,44.66873735058136,1.0034391120303978,-0.3170250867375038
257,44.81012255896625,1.008624411693428,-0.32149361669736903
258,45.06362350829963,1.0181545651236739,-0.3148395841647781
259,45.281144115895735,1.0263234301983253,-0.31464063067904297
260,45.503531617594895,1.0325180300108916,-0.3123404903721851
261,45.73692817601381,1.0363916544041747,-0.31094162561006367
262,45.899685749509395,1.042849600759481,-0.31396808947660243
263,46.13812642829079,1.052381348458961,-0.31532167910141196
264,46.27898166233777,1.0595398267567617,-0.3133784469844814
265,46.660766648857944,1.0669789969237276,-0.31733506646333925
266,46.896233285895036,1.0754414225757238,-0.31535038019068984
267,47.12304743906496,1.086137189859038,-0.31448385252649397
268,47.31716948331744,1.0895837250136464,-0.31513847678752105
269,47.60479151394729,1.10295071091152,-0.3136548273634591
270,47.7395793426501,1.1040146477986246,-0.31412356701382993
271,47.99991082519359,1.1094801340792553,-0.3139595079661386
272,48.43704527494362,1.1227096948098518,-0.30859358436378764
273,48.44847324588536,1.123145989249645,-0.308585232840606
274,48.77903768272235,1.1343547979791706,-0.30650659221366744
275,48.96264094892352,1.1389087897136614,-0.3038600714326645
276,49.21208822270642,1.1479464307295895,-0.30795522045774404
277,49.353989427094106,1.1570873924874685,-0.30572065661173325
278,49.62025874355198,1.1733203390912517,-0.30610570028623874
279,49.785661458620496,1.17490960700138,-0.3049114418041302
280,50.082286797848106,1.1851863632593889,-0.30871127194213266
281,50.610438376012915,1.199254450938344,-0.30218990975618454
282,50.611345723350425,1.1996611694414663,-0.3022901315131772
283,50.80419504209757,1.204791445413682,-0.30270251925977365
284,50.9900768565459,1.209450062668097,-0.29970688641043713
285,51.22160166090701,1.2179464502672899,-0.308661742003757
286,51.40338482100998,1.2230441534400494,-0.3070259228518396
287,51.66007168762052,1.2330756106330143,-0.3073380274833601
288,51.846036569819404,1.2387935086188735,-0.30432174646776444
289,52.1492371234632,1.250005698958018,-0.3108896753034064
290,52.31146461480159,1.256022180243065,-0.31163679543420597
291,52.630972944885805,1.2652433373132361,-0.31372680284801907
292,52.792333617891835,1.2778995285511385,-0.31313504775282114
293,53.06476703435681,1.2915169729568527,-0.3121599285694765
294,53.25856453814996,1.2932520800713185,-0.3120311246504993
295,53.658226009347146,1.3057355748695023,-0.3152977896094044
296,53.867419229891226,1.3103051266736925,-0.31453062438684615
297,54.087609516301214,1.3196077349192954,-0.3095278755095002
298,54.28167154929267,1.3296672649424917,-0.3077452476544871
299,54.47974110104671,1.3329974183817528,-0.3029133429334392
300,54.73127521308298,1.3410957883595205,-0.29878156981433657
301,54.8961334736819,1.3469173851515328,-0.30525025452403665
302,55.18912852605072,1.3546340929110348,-0.3059057552199057
303,55.31395870412882,1.35855487045549,-0.30512777271229563
304,55.691359510026125,1.3712397596741754,-0.3036973979710517
305,55.844717892716275,1.3736008161029285,-0.3000419356598645
306,56.165991882091085,1.3863028347359863,-0.3009338199887541
307,56.344602799652904,1.392972713854984,-0.3020903341620474
308,56.539075781674455,1.4010240891007004,-0.30059203475244933
309,56.76451267665073,1.4036310583779235,-0.30577576832286063
310,56.934002923643725,1.411510837137989,-0.3040557685895872
311,57.34214243345408,1.4211789819001712,-0.30428744687497905
312,57.34415597499406,1.4220174342976417,-0.30469394599275046
313,57.657807857064114,1.4344159118581696,-0.3077711453599886
314,57.80325314750644,1.43728113405874,-0.31024386983621915
315,58.05955375782938,1.4481357624592957,-0.30622914554730113
316,58.300311407408415,1.453841545719335,-0.3042409322726667
317,58.54026906202527,1.4621258025330743,-0.30488137525851283
318,58.73947233736476,1.466306152187978,-0.30742761508407374
319,58.93267898325487,1.474187045171131,-0.31212027845270063
320,59.11152286673653,1.4775345070778987,-0.30816222159780016
321,59.31321417513402,1.4837069454965783,-0.3061576638262697
322,59.51380780484268,1.487948922529426,-0.30501841383875916
323,59.757881446476986,1.4919691312959593,-0.30674261681565196
324,59.93634930066887,1.4959441423076973,-0.30973790031207343
325,60.18435356263027,1.511693585741179,-0.3148103827846192
326,60.3455421249212,1.5104765775190103,-0.3106192615659127
327,60.75681940880107,1.5244718737326794,-0.31557191561793674
328,60.75887853295634,1.5244690004250843,-0.3156963544923207
329,60.90945329216448,1.5263409953420501,-0.31348658953043046
330,61.10954768744432,1.530909845167849,-0.3159714722935829
331,61.37533705787608,1.5345703085859204,-0.3136464627092866
332,61.57436526072545,1.5416670567307857,-0.3110801256975554
333,61.781072655801296,1.5417824999711063,-0.3124333419173384
334,62.09943032694294,1.5528903242521928,-0.3111101891716257
335,62.27289539590646,1.5543385814800255,-0.30828697049561904
336,62.671488149955835,1.5647914108749574,-0.3120406648882763
337,62.700097025318854,1.5659629505954091,-0.31141129999511863
338,62.79473182806961,1.561876828913312,-0.3127741302497034
339,63.033857867388726,1.5740770481455515,-0.3103956997710432
340,63.24637656116828,1.5789361736017564,-0.3164905945026204
341,63.54270142309942,1.5838355333873502,-0.32154207326462947
342,63.74352110215389,1.5951789568282908,-0.31921272716566057
343,63.95678518511053,1.6018834066276748,-0.3184089496298813
344,64.13656238202528,1.6049528144068261,-0.31753743149011315
345,64.33740634747086,1.6090941997428747,-0.3192218739856381
346,64.56769478464236,1.6163726974702795,-0.3238167911904182
347,64.77002071686785,1.6253840580813104,-0.3261089975008995
348,64.99437116951704,1.631709003572414,-0.3262014540819218
349,65.21726016075702,1.6373606015772375,-0.3272967462059708
350,65.39632859776148,1.641966948084279,-0.3225913605256564
351,65.62254387334409,1.6533716972198995,-0.32666542832111034
352,65.81994917345327,1.6582512768872086,-0.33112224057072975
353,66.08810771527948,1.6570307622610636,-0.3230694621846683
354,66.19926017384955,1.6605879051930368,-0.32586958763224455
355,66.45302424233417,1.6633432688778713,-0.32865457116915037
356,66.6044852887503,1.6733355929234726,-0.3296964859652745
357,66.84836184409114,1.6781120621814511,-0.33631589502923714
358,67.0257056166047,1.6776202465192802,-0.3319298887592398
359,67.22358015271996,1.6825958514591075,-0.334792699028131
360,67.40892829640164,1.6872099783617795,-0.33254945693933313
361,67.59902098592526,1.6942532493403315,-0.3343350766132885
362,67.8067398371511,1.7010154900900125,-0.3297661328839569
363,68.00784443162924,1.7051662542737203,-0.33322798063356784
364,68.18135291941617,1.7139530250436847,-0.32826373279740173
365,68.33471437728129,1.7167394775998288,-0.3290923949888055
366,68.54121285252045,1.7274576879768995,-0.3351069190811149
367,68.68168710171766,1.7281146150979128,-0.3327829850847378
368,68.90401464627952,1.7383034266700177,-0.3402249578391092
369,69.07416351803467,1.7429495290487536,-0.33133183050122744
370,69.29506770674587,1.7396619633344332,-0.3265846710761008
371,69.49885895706599,1.752272365008068,-0.3208828550176658
372,69.67305525442075,1.7578925242712915,-0.3251294425115191
373,69.93234431077674,1.7626606339433735,-0.33438148492972475
374,70.10845542701851,1.76658213590318,-0.3261016111205348
375,70.29241729359521,1.773200682344967,-0.3237961787184003
376,70.50157058007197,1.7860408173603388,-0.3252200377333662
377,70.66337176475695,1.792405011562065,-0.32579532460223093
378,70.80351196716492,1.7909617204874375,-0.3287027760589349
379,70.95078251481807,1.7948226791625328,-0.32032855551197026
380,71.12622482520463,1.802260955025299,-0.3225965115258194
381,71.30198985792312,1.8035830390457448,-0.32949895188244943
382,71.49480418539099,1.8070532315388987,-0.3297734160395061
383,71.6774269247008,1.806647660639596,-0.32903738266185245
384,71.85736544447101,1.81021840576808,-0.331400368685295
385,72.09901640803032,1.8251535695398395,-0.3289166769858023
386,72.34396200028758,1.8308365283122137,-0.3291118479842009
387,72.49289142853628,1.8308990570072992,-0.3292125253245723
388,72.68559072618773,1.8326254978387158,-0.3300438432754047
389,72.8331643530322,1.8378765765971656,-0.3330977729566536
390,73.00810639106999,1.8503743056918975,-0.32741537781698477
391,73.34972276024035,1.8671670142558217,-0.3292559643095096
392,73.35658085487076,1.8678472568386266,-0.32867060254782243
393,73.62553663221303,1.8709541618705132,-0.32824736193605414
394,73.73582145672208,1.8742305396318488,-0.3341371726671322
395,73.94600167483992,1.8742392396632674,-0.3284215439464948
396,74.11635450055779,1.8813583400320693,-0.33022615210411904
397,74.39895842312023,1.8929573020473998,-0.32767259675913757
398,74.57950286480191,1.8985336475664316,-0.32167592740695605
399,74.77577941826327,1.9046007654028414,-0.32717358828989684
400,75.00078059961308,1.9138642286023027,-0.3199669098283251
401,75.15203151952159,1.9128468052583516,-0.32745273051143525
402,75.42500459315228,1.919401310070618,-0.32739026340712496
403,75.68489554140535,1.9236869738940447,-0.33261943181604287
404,75.68762820048691,1.9246294212621056,-0.3325285279126013
405,75.8959689371427,1.927108216075305,-0.32551625114782895
406,75.99175639745306,1.932008368988234,-0.32727636362198165
407,76.22166137313872,1.9384002700092304,-0.3277014088359372
408,76.37711988059198,1.9417333855475218,-0.3288628905482486
409,76.50026423463561,1.9444405782580407,-0.3322179455296165
410,76.75034507375493,1.9386320203790122,-0.3320520398764654
411,76.90979724958018,1.946661369579749,-0.33716078641846287
412,77.1104831441566,1.9535083087957612,-0.3371197984957399
413,77.32638627143054,1.9531218875893117,-0.33880426560664506
414,77.49132748502286,1.9574052308609968,-0.3352757663998269
415,77.7468271709521,1.9629608166111723,-0.33479005079913543
416,77.90295191891029,1.9669003294248255,-0.3391109817085821
417,78.10837229194499,1.9701467701963649,-0.3430045964383902
418,78.30400037265484,1.969913516554414,-0.3441395038507714
419,78.49512093272253,1.9754188668959705,-0.34583230645255597
420,78.63865216404861,1.9852950389731303,-0.33857324147098883
421,78.81909359095562,1.994445385149117,-0.34376892024983424
422,78.99323562916419,1.9985541458846225,-0.3363750052655282
423,79.15043467545668,2.0046728809013885,-0.326906206060405
424,79.34092162760001,2.009333122849364,-0.3301181361690163
425,79.4935465716576,2.014796511044809,-0.34050510061927264
426,79.68295440151063,2.010163408788653,-0.33875346811151547
427,79.87930472062085,2.019104890479239,-0.33713505922091147
428,80.05741622326069,2.019017398367613,-0.33054367208986224
429,80.31554534629676,2.02814334150446,-0.3283000188273907
430,80.44618726796081,2.0298062576452485,-0.3323393058617545
431,80.68492769659592,2.0360390969909874,-0.3307135043138292
432,80.85157321328322,2.044421076211347,-0.33027420661765083
433,81.05154728677034,2.041822258522389,-0.33113154916302495
434,81.28431948246237,2.049174660940478,-0.32897170633662887
435,81.47923945966897,2.0572822745314188,-0.3213388349661668
436,81.67345911296472,2.0611357431997823,-0.32698992768256036
437,81.91352576748791,2.064200229507158,-0.32707456577438065
438,82.06357395821179,2.064367527171834,-0.3277726089309624
439,82.26164228192332,2.0792736997825636,-0.32160473475286294
440,82.46412547481108,2.0773320693378774,-0.3191797554939342
441,82.63122513808625,2.075746829501419,-0.32841744675283263
442,82.78695410111601,2.079132856931508,-0.3213739161469673
443,82.97985243760667,2.086334512553155,-0.3247658284132795
444,83.16549386730904,2.089584504632262,-0.32741488730868845
445,83.4496727476276,2.0899233099733254,-0.32490459031836716
446,83.59875114696018,2.10111496089516,-0.31378074214432555
447,83.78298136935119,2.1024860265390335,-0.3205008285971465
448,83.96301410766803,2.1086267137561587,-0.3194095984222913
449,84.12375410147277,2.1156615369975875,-0.3121024686559842
450,84.2654186710451,2.1252875574483276,-0.3132916957927409
451,84.47999182318773,2.121041516474237,-0.31011158580643455
452,84.64098266284165,2.123231903002155,-0.3086405503520644
453,84.84857644356927,2.1406542660606442,-0.31071516244786257
454,85.07465046541914,2.1395873087137702,-0.3147488823224501
455,85.21166263242974,2.14068242299858,-0.31973252584811834
456,85.38568658080872,2.145214512022323,-0.3193307905465837
457,85.59422299443993,2.151718089877697,-0.3178322159887094
458,85.78131118934056,2.159716144229791,-0.31925044145985737
459,85.92307147137669,2.1595901112369864,-0.3172877144681646
460,86.0699805092381,2.1655481907791763,-0.32078677185220994
461,86.25245158651563,2.1639541015583355,-0.32712623822764747
462,86.43261455271967,2.172703111311058,-0.3296418491787025
463,86.66327759184745,2.1887342830028227,-0.3240657900792833
464,86.86485798072037,2.194384803254391,-0.3263131711126103
465,87.00002446824725,2.197367889195435,-0.32643236154067873
466,87.23340486505656,2.2041790046498253,-0.3242348785575824
467,87.4157747534969,2.213521444952589,-0.32491765860400484
468,87.56753614786292,2.2223698234779388,-0.32761226186859355
469,87.76990145858521,2.2251368620978993,-0.3336319949164442
470,88.10350202307256,2.2352104010062166,-0.33481979068509676
471,88.10878805119086,2.2357763162596505,-0.3348174944821958
472,88.35749422441887,2.2407243488000734,-0.32992543941242675
473,88.69668592083202,2.2522220491174205,-0.32896321577100207
474,88.70072714803673,2.2530470294719898,-0.32814423080168414
475,88.9037659165018,2.2540688164149105,-0.32827014791878384
476,89.08426983817597,2.2586669889662216,-0.3323992971700204
477,89.30961146715988,2.2600443005986484,-0.32645403603539586
478,89.454894860394,2.26304360780267,-0.32961433991263206
479,89.7086058644314,2.267706986936533,-0.3254494762786224
480,89.925962792528,2.276130840650855,-0.3214494182023397
481,90.08103788162444,2.27786998215912,-0.32358439940479516
482,90.27658618296061,2.288218338596865,-0.3232888720624217
483,90.73520853681444,2.292659674554326,-0.3247681355688854
484,90.92499805214776,2.2996422787975614,-0.3153340369351042
485,91.10151014451581,2.3010624210530004,-0.3188903692373807
486,91.2715340044176,2.3097323686318862,-0.32548659293251714
487,91.42157616077412,2.3159111378975967,-0.319473557582365
488,91.59477781385858,2.318147306623626,-0.32562637079566137
489,91.76937577199459,2.327401486830132,-0.32056099066996896
490,91.98304961949846,2.323257015430909,-0.31769205116210275
491,92.16996623080028,2.3321482902421966,-0.31758971691121385
492,92.37877584067797,2.333974401835938,-0.3178079938762357
493,92.53765694433892,2.337876897589726,-0.3146686803267628
494,92.68421154011023,2.3469729533985313,-0.3200401511873664
495,92.93712220256687,2.348853828604856,-0.31707213101712967
496,93.12217051594438,2.3535450973353678,-0.3170872771759407
497,93.34277136048627,2.3607097889154907,-0.31565527151058803
498,93.49620136088978,2.370065970720715,-0.322769088068731
499,93.69403190352142,2.3710578093274908,-0.31915547634779634
500,93.83486898280918,2.374549381519831,-0.3223142870521659
501,93.99374533224359,2.3777614243569123,-0.3172841321929377
502,94.13212668762735,2.37744452625108,-0.3163554829437594
503,94.30014266287111,2.385647472326704,-0.31580492218758804
504,94.49268553817615,2.3909835312864343,-0.3200762871305123
505,94.66144169275792,2.3924110418375584,-0.32463929839913797
506,94.89412698819704,2.400072838791953,-0.3226782653461121
507,95.06232154963065,2.403367797763846,-0.31962683416468285
508,95.27776777473245,2.40324697777878,-0.3197426386958942
509,95.46806516980348,2.412538598014143,-0.3213861482400675
510,95.66651123343543,2.415249558081024,-0.3169112882110656
511,95.89317448252449,2.426972532851533,-0.31269191904248655
512,96.0492325413374,2.4258015266087227,-0.3130664974198547
513,96.19839686786582,2.4297939778187145,-0.31596820061446884
514,96.40118922646876,2.4364261914886165,-0.31611493707485966
515,96.5723397420693,2.4394346402507314,-0.31422585103326384
516,96.71511709859128,2.4445249711031356,-0.3116113970786394
517,96.91702787619467,2.44325460131204,-0.3180721605778535
518,97.10614563634071,2.448159394250671,-0.31701417243657903
519,97.26845718707652,2.449398137017466,-0.3174732946787031
520,97.48848836666185,2.4555117459538094,-0.3215315113100418
521,97.62175780535392,2.4569647283754636,-0.3213993877664735
522,97.81587841461385,2.4645375762860398,-0.31569897795729807
523,97.99408047462346,2.470168775516024,-0.314477910059498
524,98.19255225683148,2.481363917969855,-0.30994107382334307
525,98.39592144020874,2.4854562385574384,-0.30809905489476835
526,98.59570702823277,2.5007331024020067,-0.309677603026834
527,98.78182860446104,2.506816393932359,-0.30738839143411467
528,98.93299849970902,2.5096713937268564,-0.3057114206967209
529,99.17410587908891,2.518738315875268,-0.30200958411748124
530,99.28292919480576,2.5188039191268423,-0.3048321311788199
531,99.47764024203744,2.516435157535393,-0.3073127769053044
532,99.57217438859333,2.5246477453981737,-0.3093130007911611
533,99.77445800309194,2.5319733398872994,-0.31434814215892576
534,100.00416746176597,2.5397750636303176,-0.3175847000785716
535,100.21236347812514,2.5439744197922884,-0.3153748441901661
536,100.34398331062536,2.5529153570697907,-0.31699600154630064
537,100.65059106786632,2.561063181449158,-0.3205318792155296
538,100.8409366553639,2.5700006261236434,-0.32190032498465765
539,101.04266796781175,2.568277585524585,-0.3212381564370313
540,101.27621795858464,2.5805569814623803,-0.32234041807876523
541,101.4302422650846,2.590535328235874,-0.3215594598408861
542,101.62371739627564,2.5875416341755653,-0.32462392824596337
543,101.84918218721808,2.5896116587288027,-0.3222665520446733
544,102.04913226816898,2.5925484522501483,-0.3192651256272424
545,102.21877812132574,2.593065587796208,-0.3219198638043065
546,102.46753100721797,2.6077104165565506,-0.32693121718273027
547,102.65522820634436,2.6100946283344317,-0.32873272894417793
548,102.81312434374965,2.6193104354767605,-0.32956193457110383
549,103.01250708228743,2.62377206578403,-0.33255090709480223
550,103.17431304045795,2.628145875643429,-0.3261974535959973
551,103.41937463948196,2.641539021928392,-0.32546768633372586
552,103.6307877123978,2.64427254678106,-0.3280865995170945
553,103.81316412106024,2.65315031416243,-0.32488541157507966
554,104.08244393715736,2.6626347638171257,-0.3196388045194792
555,104.29167574738374,2.6655847258180643,-0.31773996536295573
556,104.41328593453684,2.66850888810669,-0.3184819938051444
557,104.79712705516455,2.6854947004241287,-0.32172892619691484
558,104.91576761494994,2.684143797889811,-0.3197210192381682
559,105.16669766054054,2.6891868632562743,-0.3185379353913187
560,105.62507898137639,2.715115115300885,-0.32368207389108644
561,105.62858551597542,2.7165634192498254,-0.32341028883731365
562,105.8426661876302,2.721247658785591,-0.32836236389172474
563,105.99096913498589,2.7266385154879353,-0.32514674573475805
564,106.2064282549991,2.733266385854893,-0.32785484416783706
565,106.35702432979211,2.7361230337348545,-0.3277270354400643
566,106.62662369953857,2.7411930673044416,-0.3280800220767165
567,106.80835286157327,2.745597407502779,-0.32648109839967904
568,107.03762097776742,2.749662427464324,-0.3285353975897249
569,107.21473698308371,2.758054549706598,-0.3316592252869903
570,107.47435888685293,2.7744850403471846,-0.32417620413609244
571,107.70646933922839,2.779972911595954,-0.3277032286483749
572,107.84351294318841,2.786498873614352,-0.330215319179819
573,108.08420918889381,2.799279709601667,-0.32973368369026723
574,108.21991592889262,2.804198000117214,-0.3292168261048392
575,108.39391128152351,2.814025825496327,-0.3309871718209231
576,108.63657544218617,2.8247399889791414,-0.33159134113578703
577,108.7590336069897,2.8303921619544044,-0.3283342390937519
578,109.03729654602323,2.8358842196254628,-0.325835578534606
579,109.19368714437009,2.839411921065976,-0.3254570794266989
580,109.50869975237934,2.8542660182808137,-0.3311758050769278
581,109.6593845023342,2.8540029791107493,-0.3319243543408792
582,109.86707445757476,2.8632493581521223,-0.32867413520653604
583,110.3755476199251,2.877216122639129,-0.3259600023559411
584,110.56082937979409,2.882948312318367,-0.3324576710795632
585,110.91903174395954,2.8882078907198325,-0.3328541205865106
586,111.13199653502791,2.8985430611007494,-0.3278524025164768
587,111.36890466566473,2.901334080024805,-0.3267184340152167
588,111.4915160696143,2.9076794833910076,-0.3226435455358334
589,111.72638221805742,2.9112174853750736,-0.32028924524636065
590,111.88639159880593,2.9147059018732877,-0.32267570324198863
591,112.07839654350323,2.9189093474250076,-0.32451699255066696
592,112.17654263881622,2.922155128562421,-0.32331639199395806
593,112.35183311803337,2.92566605706582,-0.31721481378896654
594,112.57205276754776,2.9310297341010583,-0.31886841496320206
595,112.68866694744514,2.9395298744354443,-0.31663426419007557
596,113.16862607872731,2.9613869609009447,-0.3261101111977039
597,113.18121785077052,2.9628689019226466,-0.3261728868644603
598,113.41884398823389,2.968154121629866,-0.32428531963523843
599,113.64785119520084,2.9729753237761036,-0.32947587917742505
600,113.91945114755134,2.9835744599583207,-0.322467326272268
601,114.19854846896132,2.996427266679316,-0.321917577640174
602,114.5976323167783,3.0088506229224445,-0.3239466535416113
603,114.65929804941612,3.0140558571070457,-0.32372365713217915
604,114.75239795053044,3.015570205714916,-0.32639519521615945
605,115.16140900469681,3.030265907687153,-0.3232539574831111
606,115.30614187224481,3.0350712519120044,-0.32132672292393283
607,115.63878206300082,3.0449110994300908,-0.3244949443484149
608,115.87864329300781,3.056413479895136,-0.32462400110689726
609,116.15448762980259,3.063665705071528,-0.32383799564185645
610,116.30960988242387,3.065474703864417,-0.3260380817033599
611,116.59656818492348,3.0774112634423822,-0.31946424370659166
612,116.70950080850025,3.0798625995751716,-0.3173524096380678
613,116.88036549609888,3.0848381606397663,-0.3187964291718853
614,117.16294253795633,3.0938667117454255,-0.3212450150611255
615,117.25251074496288,3.0926528701399643,-0.3234085169825555
616,117.54046564444525,3.108625060965748,-0.3207080960134322
617,117.77585935810693,3.1138048996238346,-0.321169814418407
618,118.03539148764591,3.119695785189579,-0.3188605796808157
619,118.26718500244837,3.12992852928808,-0.3224408063363699
620,118.57304067539148,3.1391892097327068,-0.3105384329613913
621,118.69021983603615,3.146226960328041,-0.3120050086630774
622,118.89087959218018,3.1511299361392457,-0.3135933282144894
623,119.30510255858178,3.1720562977118716,-0.3144969223059285
624,119.30580521764199,3.172949524165854,-0.31426740766243344
625,119.57095502031842,3.180712265732522,-0.32172738899046244
626,119.70631499442975,3.1879871952399133,-0.31888049267174373
627,119.91644119155391,3.1966308926915428,-0.32073828527333625
628,120.13637010531549,3.199351140656972,-0.32058385848958376
629,120.30353619232974,3.2098173771933394,-0.3202304355530184
630,120.4675113098193,3.215014392621187,-0.32154571416358296
631,120.61326371261598,3.2238073949693327,-0.319733683551198
632,120.85662673385382,3.2308544902638445,-0.32625829027609426
633,121.16212525330532,3.242828493272971,-0.3171799428978581
634,121.36077160385032,3.2442613430137754,-0.3183189379399784
635,121.69815359843956,3.261795084835209,-0.31953318813750725
636,121.90699655390479,3.267121405699986,-0.31798305349943373
637,122.18261225827604,3.2721152531023674,-0.3207815704667232
638,122.34841011158763,3.2836503477885026,-0.31979860769945767
639,122.6287203466235,3.2871653001142684,-0.3204383096566105
640,122.73485945342925,3.2908023636141337,-0.31892455911123796
641,123.00690991693756,3.3100982974572246,-0.316174546817524
642,123.14503566434801,3.3187130688905317,-0.3171850831318284
643,123.29917081984865,3.326916365444823,-0.31551895811932024
644,123.44330807017329,3.3322470887838627,-0.3196557907692795
645,123.7030370009076,3.33840723235197,-0.31234204408096056
646,123.90155344354807,3.3472093194544383,-0.32471178357934716
647,124.14839196863434,3.358800607702228,-0.3235470039428141
648,124.41683515488134,3.369072634433498,-0.3244491752289032
649,124.75855368724639,3.3809638301146947,-0.3203188184358816
650,124.94873099880436,3.3852752467245764,-0.32110691477894704
651,125.18161025809484,3.3944011545668147,-0.3252314269087886
652,125.33402533842185,3.397247520621419,-0.3248348895124794
653,125.69654504010997,3.4125953744851785,-0.32840603559702586
654,125.91535168308639,3.4186521230444167,-0.32711631812049896
655,126.17875842224656,3.4229322755200386,-0.32670386862613926
656,126.3926509229932,3.4345140377926273,-0.3292816715472539
657,126.6050444440024,3.435931821207183,-0.32367265399860295
658,126.74210899156795,3.4409251380917674,-0.32185174328894633
659,127.21537973126132,3.4530463817032317,-0.32284821251024726
660,127.22526054238489,3.452677989683154,-0.32297126336892773
661,127.78998304755561,3.4766827515294887,-0.33155828024495726
662,127.79421701215435,3.476127178190618,-0.33170715470243933
663,127.88256028023143,3.479600434724563,-0.33578785060560074
664,128.18401755738907,3.489610167025917,-0.3423514632145357
665,128.40296354399135,3.5039784314575995,-0.3403040499788425
666,128.62657721478337,3.5107899850445072,-0.33475999853513766
667,128.8076895491747,3.517054992634781,-0.33610077156631774
668,129.22123868831554,3.5346228430196893,-0.3304829108143416
669,129.22867050050954,3.5366463586751493,-0.33028866708581683
670,129.34512669488348,3.5413469723741158,-0.32454884043630206
671,129.6247800304831,3.5561420835659683,-0.3340117872734242
672,129.77508058741154,3.562535611348186,-0.3364399544196422
673,130.13583340156617,3.5779073723350385,-0.32836202810894105
674,130.30496244996664,3.5821075654407095,-0.3299972552337054
675,130.50289030644564,3.589802263197398,-0.32855993341772244
676,130.78489001105473,3.599994684115753,-0.3319385495811429
677,130.93267475408052,3.6043164133771617,-0.33405556479856363
678,131.21943709718707,3.6104904895784204,-0.3398055427623231
679,131.3899862108291,3.619596758022862,-0.3388533558171032
680,131.6481511527779,3.625221603995823,-0.3306530715532508
681,131.76954249761033,3.626986296034779,-0.3346513776493678
682,132.0194924566388,3.644942698279921,-0.33216591293773395
683,132.1635922802302,3.644604390607253,-0.3334202525356528
684,132.5236654299285,3.6595435374770653,-0.3302659992416772
685,132.67505323225356,3.6662117651060937,-0.32906901965949953
686,133.16961708628622,3.6869279412423905,-0.3307013876834851
687,133.17528991793634,3.6870238229435386,-0.3304617974326615
688,133.33359391518576,3.691364744635052,-0.3344612202987612
689,133.64806722168677,3.7042942774403804,-0.3302530486405911
690,133.83765954902915,3.718870525257183,-0.33307881528577243
691,134.1371815090924,3.7309121139510046,-0.3351267102195614
692,134.3611764107161,3.732026354420276,-0.3418164556048705
693,134.6379007729392,3.749086518881403,-0.34725559949316853
694,134.80214821151972,3.7608305506614697,-0.34479130376661454
695,135.0657238455451,3.772500984259519,-0.3368791131285497
696,135.25825222076085,3.7805954051247372,-0.346442879310454
697,135.52389257981548,3.8036236592428168,-0.3422931850822362
698,135.69462939197925,3.806216876963437,-0.3518877808570758
699,135.9142159871853,3.821251802684061,-0.35268926804177625
700,136.14073800015456,3.823822107898445,-0.3449577351784772
701,136.37274657105985,3.831302500886799,-0.3494292101614455
702,136.61725256630328,3.8413301790666,-0.35256618411511503
703,136.8334085296581,3.8512186652048337,-0.3515054617802059
704,137.16124038758684,3.861465094497926,-0.359462087492239
705,137.31120833187188,3.8674717334696997,-0.35185130241791823
706,137.51548386334633,3.878850140289133,-0.346858970251401
707,137.7536899591863,3.8901062173431438,-0.3541395646205245
708,137.9758708886489,3.9023418748718175,-0.34890685474539257
709,138.16125368132805,3.9046655352362394,-0.3570617337575719
710,138.37689939470934,3.9239901809138824,-0.36285119704315744
711,138.59084717856447,3.9275260811888844,-0.35823223898797013
712,138.7918302447899,3.9201350888506594,-0.3556494636856434
713,139.04663259057202,3.9405727369916432,-0.361311073135739
714,139.2207366787371,3.9471522185176484,-0.3545545119971868
715,139.4530366724792,3.952432467595957,-0.35919027751365934
716,139.62036924459213,3.956667089052831,-0.3622077389525118
717,139.8582876841356,3.9752298159718378,-0.3623305565900689
718,140.11934263628663,3.9806995392661566,-0.36402998054940644
719,140.32391485425194,4.000300309862871,-0.3668884320627184
720,140.54620409377293,4.01005766001906,-0.3569721727353317
721,140.67429789411253,4.011877043207933,-0.35687289774198294
722,140.9071365985138,4.027643843701143,-0.35778059083497016
723,141.03232119300233,4.032274594613297,-0.35695264566172524
724,141.40630629508382,4.049568451537682,-0.3617774958137756
725,141.6030928782147,4.0507470559689995,-0.3574976683040469
726,141.76945011499174,4.0650267245241185,-0.35982188184988534
727,142.01318095422457,4.074065408732822,-0.35435027588944135
728,142.27934542304155,4.082156313769966,-0.35631886941840224
729,142.6399344755307,4.091921275101077,-0.35635227135230696
730,142.91082766013417,4.099531586212463,-0.35207007985474953
731,143.1000021703784,4.111883676495453,-0.3548905789605951
732,143.33839048529177,4.1168113488530444,-0.3589373170445714
733,143.60680440628272,4.129245563338036,-0.3620715365157603
734,143.7334736204831,4.13391216031636,-0.36047989771076544
735,143.90420220088305,4.1396245055424785,-0.3603871731113399
736,144.01127603648996,4.1452234011639755,-0.354472756948357
737,144.21898776766022,4.1535191466491375,-0.35641803229050123
738,144.52049515948994,4.166376022112394,-0.34924463433460945
739,144.69819409528588,4.169209522272038,-0.346919064954685
740,145.12169004056315,4.184957875101544,-0.3359877706871871
741,145.25628264369445,4.188574313199351,-0.33643193494107093
742,145.68136698299298,4.203363453169684,-0.34074931035182404
743,145.68756395868996,4.2038892876490355,-0.34119808956536907
744,145.8180452700562,4.207288140707011,-0.3437275023196637
745,146.05679253494938,4.216319330453119,-0.34626772731738387
746,146.15712770694336,4.22017718862471,-0.3499070702933105
747,146.3313375638024,4.225708473548702,-0.3485094871218968
748,146.5779211876632,4.234027407109948,-0.3505997331592475
749,146.75217779564593,4.244939021267229,-0.34643090603421994
750,147.27414970303886,4.261371275188819,-0.34504321976129126
751,147.28628143731092,4.265126055903736,-0.3453324120055632
752,147.41299708157092,4.268758769440185,-0.34702148837550634
753,147.7718904022348,4.288087815282145,-0.3446765783613943
754,147.88654772273864,4.293107606703046,-0.3407281113416409
755,148.10726081461235,4.301165955482015,-0.3442021375543529
756,148.30705145798606,4.300031465402748,-0.3402029247784459
757,148.4886759807982,4.30754997194487,-0.3460949635506067
758,148.61344061601582,4.311732817566708,-0.34894617491115953
759,148.83764457596396,4.3162762167203885,-0.3437678751638339
760,149.04579364281898,4.325996767214091,-0.3352053605055652
761,149.2011294682612,4.332696625497469,-0.3368906964284039
762,149.32404962523438,4.331890571328901,-0.3305399449006959
763,149.5486265251407,4.3380813818004835,-0.3325669284405865
764,149.7522075483139,4.352069732311757,-0.3333626626744953
765,149.94617409554144,4.360457148544071,-0.3385278470300567
766,150.09708643617452,4.357162474886592,-0.33472919081381686
767,150.27556911048438,4.3676270798382175,-0.3312321214231521
768,150.3986269136136,4.373695750300709,-0.33527269032681273
769,150.57668138738768,4.373837841241395,-0.3310523742820884
770,150.77209395144368,4.383725528977687,-0.32682807028572064
771,150.946341989446,4.384446132372276,-0.32691467064140556
772,151.12627010210218,4.388998051801595,-0.32301621441228506
773,151.3417425472579,4.394126813295253,-0.32162709689823077
774,151.526339702324,4.401888541902151,-0.3240074983179685
775,151.69972106079356,4.408990773785564,-0.31756415818079786
776,151.8566444647092,4.413284208901082,-0.3189120190050136
777,152.060067988686,4.418737005520405,-0.32391492158531315
778,152.23306455168083,4.425827258715148,-0.3187471315861245
779,152.44312957918473,4.440169166754479,-0.3191489592449685
780,152.62007116703268,4.449020989581482,-0.31508096620822024
781,152.76482287895448,4.450061813415387,-0.3128882760915917
782,152.91689723589158,4.452907668552413,-0.31559964437993426
783,153.10646751298935,4.460022654215478,-0.3157803925923129
784,153.26051880191085,4.470330829082534,-0.32153209439497654
785,153.5109818702201,4.4744309375596565,-0.32647563458803036
786,153.70658592498867,4.470009048983094,-0.325741399417247
787,153.80479546792796,4.4749792840057925,-0.3274723592427251
788,154.038040548516,4.4800961515414786,-0.3272979146508934
789,154.17092841345584,4.47819836455378,-0.325658777190754
790,154.3389470515692,4.485427202467891,-0.32188572843166285
791,154.71757054833554,4.495680371258971,-0.32548514309199317
792,154.7224556155363,4.497656625165489,-0.32545987720254954
793,154.85876396102523,4.497396064339495,-0.3254530860000348
794,155.08773792343123,4.509246804178366,-0.32456533342016614
795,155.23075999546222,4.505507368330872,-0.3247389173240694
796,155.4429295600791,4.515043090504673,-0.326605071155943
797,155.60789694834355,4.522119287096199,-0.32785232317743435
798,155.7736132381388,4.532560303715035,-0.32569579125078946
799,155.96747419416184,4.53160614118827,-0.32643873979902327
800,156.13459230330662,4.535826531134719,-0.32543271137289714
801,156.2981855715934,4.532883059240157,-0.3218186380778834
802,156.49475483693487,4.537987952882189,-0.32236974276849184
803,156.63045107249522,4.540352081816345,-0.3198883387397039
804,156.8168780723994,4.538718397103256,-0.31707163536584415
805,156.9690307957091,4.551522950169157,-0.3154757645504383
806,157.21530850577386,4.545656841503579,-0.3194620029158073
807,157.39352672857834,4.553536926968925,-0.3139461191169923
808,157.56648729851307,4.5469414828793955,-0.3151960439974848
809,157.73662164085232,4.547880448089596,-0.31641449888853274
810,158.06545079250105,4.562651014070305,-0.3169046456099024
811,158.06730512682992,4.56351154105797,-0.31710673055992583
812,158.39899350367017,4.567873635906749,-0.31617612384871946
813,158.54368561644594,4.557482331550855,-0.31768462208320875
814,158.71525608365556,4.57979192622758,-0.31842735916135867
815,158.86719609796808,4.569209561900704,-0.31346714726933667
816,159.01162400794894,4.578232894904362,-0.3174422297182043
817,159.17751638594598,4.575820981560086,-0.31874208438843193
818,159.36517099313113,4.585055375235017,-0.3171940407611568
819,159.55673077466346,4.585793345113779,-0.31821574409449205
820,159.70279864186006,4.5898937499395815,-0.3163814859427893
821,159.85827095455917,4.5885619577484205,-0.3157163446027146
822,160.03383982129523,4.600410463505531,-0.3139484041623887
823,160.2065775403231,4.597899221030968,-0.3122349479342263
824,160.32385273723315,4.6134488685188,-0.31370271932495947
825,160.47412311568814,4.6139597682098845,-0.3131240416333569
826,160.6233366887831,4.617373907029495,-0.31166268568679656
827,160.84322725544263,4.607994220640747,-0.3146815662177314
828,161.0097732726077,4.613632108387864,-0.31522742979421675
829,161.26020389862808,4.607589964039867,-0.3109567847569729
830,161.41104601018571,4.600396769434552,-0.31507125186001844
831,161.56777590086872,4.597533562053502,-0.31290388612785225
832,161.72836396079651,4.6139202069875695,-0.31214461086248074
833,161.89068598347362,4.6089398481881245,-0.31306541619389366
834,162.06948324104013,4.608624720109801,-0.3132073503878006
835,162.21408071744895,4.620913492633034,-0.3136067151250237
836,162.38918530228688,4.637638703788551,-0.3143954259361424
837,162.5385653108752,4.648368398426281,-0.3130099871145114
838,162.74453356473327,4.66390683369398,-0.31795576202395215
839,162.9038724472943,4.656790582448522,-0.31652314671038834
840,163.035957554596,4.662520056706648,-0.31588317137018934
841,163.1986165210365,4.67069688513575,-0.31726557176475884
842,163.32767018380792,4.6804615010862625,-0.31524171503677106
843,163.69785028504685,4.6946158186378195,-0.3180076989890374
844,163.7007286931035,4.698449359832923,-0.31806409851442713
845,163.89840496445836,4.686188516919254,-0.3146455126219348
846,164.02303988760562,4.695011772375064,-0.31462026066186854
847,164.159396733754,4.690476665795595,-0.31474397147471694
848,164.35093151591394,4.713291789246129,-0.31260960136960547
849,164.51344324924656,4.709261200294316,-0.31650999763630233
850,164.68320887899898,4.717254583133089,-0.3156203421841393
851,164.82987544557614,4.723575916645029,-0.31152538755911385
852,164.98128045741097,4.732024199467447,-0.3158344336399457
853,165.17473563185135,4.722402072288712,-0.314269788143249
854,165.31049622784715,4.7172612633225475,-0.3134164443130333
855,165.47531968211257,4.716201370773376,-0.31320351464846063
856,165.67333002221136,4.71773087197348,-0.3119960983511212
857,165.81982254996,4.723969963131705,-0.3105265108174596
858,165.96337804778815,4.725758893316463,-0.31247191856029327
859,166.09233778699783,4.742379957372062,-0.30924536133820235
860,166.23603151115316,4.7299870156067945,-0.3086608837197398
861,166.36443964221027,4.747699883649824,-0.3042851949101537
862,166.5352998353843,4.741339673286062,-0.3077919858817989
863,166.72096142529847,4.733551702433341,-0.3090030612617804
864,167.01062189453356,4.737479447874683,-0.31000981936121486
865,167.01063970955735,4.737451350729124,-0.31008946435238705
866,167.18164299352873,4.745367311735825,-0.31033706507945485
867,167.293345097774,4.737563623375724,-0.3118367355388563
868,167.45756576909244,4.764794733953182,-0.31189585762125566
869,167.60025205068416,4.776609056108835,-0.3114172990510268
870,167.74807516691413,4.780097354385685,-0.3137971042782253
871,167.87498347678113,4.778642587669818,-0.3149434715082668
872,168.02939122650497,4.785639327247331,-0.31419446292494646
873,168.20903031639511,4.799294072939298,-0.316338142334495
874,168.34377068370426,4.822348500094769,-0.3155737648519415
875,168.50784857977914,4.830859038935298,-0.31501784411317935
876,168.6408298761067,4.840394383792749,-0.3131999804154159
877,168.77582233174243,4.83336084184126,-0.3136099574759422
878,168.90228905292918,4.815937124374857,-0.31281779349556993
879,169.03364541392912,4.803189341761901,-0.3102094703170383
880,169.18696386810626,4.826186581094913,-0.30979250125344515
881,169.2996237126574,4.844535176005434,-0.31249310298441296
882,169.47501778456132,4.827378630835837,-0.3136974864504778
883,169.71381477605064,4.847991294205648,-0.31622288120520525
884,169.71390963717835,4.8492760096702545,-0.31619913080066114
885,169.88983993783572,4.85116019801938,-0.313050320285806
886,169.98715152017925,4.842752216674215,-0.3142524707342825
887,170.1521221124169,4.842638933785283,-0.3130667051565489
888,170.24298658823363,4.853019938916642,-0.31169036962752
889,170.4357236137596,4.829784218488301,-0.31327213698835676
890,170.53424432094198,4.831688260267577,-0.3126102857618263
891,170.6974288517312,4.841392890624897,-0.31203780710937346
892,170.79807230251149,4.8396947408773725,-0.31497951928118106
893,170.93573307546933,4.833045687192419,-0.3139558816498795
894,171.0791087234605,4.832314983155537,-0.3119695053880998
895,171.210857697279,4.844915709954797,-0.3122210235385832
896,171.334580844566,4.868472433960328,-0.31304259941413004
897,171.46135167492153,4.8615936685958765,-0.31415395199091256
898,171.62058167840127,4.8749192841480244,-0.3134719121630621
899,171.72224252434998,4.894175126586396,-0.3127132880006478
900,171.86265256926276,4.883549464192995,-0.31383403686071587
901,172.0155216543697,4.877963442102488,-0.3132337277665222
902,172.13683433720362,4.865677569148147,-0.31395073611996577
903,172.30466703338973,4.879804472702775,-0.3173093451958474
904,172.4030867043258,4.876408570938259,-0.31799319029474715
905,172.60137110971658,4.895651268058997,-0.31959106739327003
906,172.76400561396954,4.904604583849085,-0.31933260819609094
907,172.8524733975393,4.894448408702503,-0.3226696614963768
908,173.00115042619993,4.922391608833403,-0.3225237945530838
909,173.13850263188317,4.932777601620239,-0.32296553651290577
910,173.26978271450952,4.973578914949878,-0.32242403238452133
911,173.42641925869125,4.992353466853716,-0.32272122467909703
912,173.5798938715672,4.998008429625241,-0.3277048110264886
913,173.70140550831417,4.985415816578028,-0.32842300813706826
914,173.8514903553852,4.994548463527866,-0.3296591180473758
915,174.09970940251688,5.012323492471819,-0.32724842022523454
916,174.09958705128818,5.0124515335490365,-0.32724003654620837
917,174.30185969116616,5.079242199584658,-0.3291050949169961
918,174.40485668919501,5.08635225023694,-0.3303385680196671
919,174.5753631833384,5.057590724387147,-0.32991420714412334
920,174.7075850476884,5.032710880469029,-0.3256161765520548
921,174.85892325775097,5.082766993661233,-0.3302026682897292
922,174.98979004990204,5.079038606935977,-0.33058024904197486
923,175.1452903435325,5.07776827202845,-0.3331189620102066
924,175.26127742001572,5.109172932328413,-0.32884947937451214
925,175.40200920862318,5.115331386290458,-0.3302797610887306
926,175.56075906761612,5.146610277152032,-0.3286718655225106
927,175.71171967899272,5.151165790054881,-0.33122669153028184
928,175.85537451105037,5.058890391146159,-0.3298972131400317
929,176.0004438207939,5.084769595560909,-0.32858328962624644
930,176.14633676635344,5.063221018030435,-0.3328835508237073
931,176.27427157182768,5.051476281151884,-0.33173796707445463
932,176.46427482272097,5.088721756464713,-0.33867035661780526
933,176.66211510942287,5.127444238699525,-0.34545733820865465
934,176.80241422271897,5.127777198719385,-0.34395706573523294
935,176.9209456373208,5.108206532476185,-0.34510883823894345
936,177.06099681177344,5.121018101561988,-0.34747596778613005
937,177.19171866186016,5.158285998032207,-0.3457705771198005
938,177.3351095366191,5.151827717558395,-0.3443691718633278
939,177.4704873016403,5.155893832476143,-0.34250763141379
940,177.59184155509337,5.12840969725142,-0.3417387956551654
941,177.73727810298232,5.16543006285394,-0.3456194070170994
942,177.87405447288305,5.183509577007428,-0.3437412632990949
943,177.98921989951992,5.153633741816931,-0.3411547088586218
944,178.14019165584205,5.157769663408204,-0.34251309663345203
945,178.26498202412682,5.163737963135343,-0.33893163175154367
946,178.3844885958204,5.162274618591553,-0.33973110394805467
947,178.54506401751465,5.173295573541578,-0.3426351235088932
948,178.648581855565,5.200230963956838,-0.34223343249259486
949,178.78153656151235,5.186295929549241,-0.3442087404624106
950,178.90655213340227,5.206806353169871,-0.3431669900036484
951,179.02051648576943,5.217800991772702,-0.3431925679082959
952,179.16944509952512,5.227472963840889,-0.3435927038517048
953,179.36162304112565,5.232123419754362,-0.3399533123115357
954,179.3616608022928,5.231824857025461,-0.33996319013409926
955,179.52211778881235,5.220144655938482,-0.34526107786877575
956,179.69349537373134,5.23417594713324,-0.3462062162894806
957,179.8201720855309,5.246154596365358,-0.3493509931389612
958,179.91574232605853,5.278721037940476,-0.34995881307382126
959,180.0801808130352,5.272597364010516,-0.3575433077277135
960,180.24063328598314,5.275555556636252,-0.35870203888534713
961,180.32373271170042,5.268600583188602,-0.3553638723673862
962,180.45204936791845,5.258555759851437,-0.3577285573994868
963,180.6359483699127,5.271176671989394,-0.3577282218558675
964,180.76257213324433,5.272101038997559,-0.356416149299187
965,180.84955736931818,5.27941259353394,-0.3556975602456303
966,181.00955660060217,5.260108002371305,-0.35395966976201065
967,181.13845420444508,5.284147077733229,-0.3560792762329623
968,181.27089404403267,5.292458115491135,-0.35362142253695356
969,181.41537495442375,5.291605235940212,-0.3594611317652544
970,181.53914114101255,5.287027557125221,-0.35551304924034166
971,181.663972615943,5.2913125924493,-0.3589488913362625
972,181.78103089745596,5.287305703367522,-0.35813003043137004
973,181.91837465728477,5.292718963021651,-0.36041718530566486
974,182.04681276744,5.319467812530893,-0.3580214127717514
975,182.15437086880414,5.31841785671492,-0.35424608524565826
976,182.2555832233036,5.322628882144715,-0.3542513041281284
977,182.39570751833898,5.339827550654989,-0.3219946419466545
978,182.39379138870837,5.389167255467439,-0.3237662177081208
979,182.4064320503088,5.368932082827656,-0.34764746603587116
980,182.39550081014275,5.235188794019196,-0.3600184863962128
981,182.40886752122935,5.22470972892146,-0.35991847887988276
982,182.39933815847198,5.245074088081072,-0.3518692037292167
983,182.40902864375624,5.228056762905156,-0.36207407694826826
984,182.40832049722098,5.216907048383715,-0.35850146500110547
985,182.41108036644474,5.2393466632874794,-0.35858749158756814
986,182.41484912368833,5.2000694094470905,-0.36226078337605133
987,182.40019925533116,5.203662079725292,-0.3577131808033406
988,182.40189179182812,5.228652896293171,-0.3564282299601645
989,182.4048062151255,5.1953675211201285,-0.35576892601897403
990,182.41143072562042,5.174558619448378,-0.3605774079379927
991,182.40796933262712,5.186268770542342,-0.35705028955246654
992,182.40949624598628,5.181672889034072,-0.3621619890837187
993,182.40900596564506,5.182553158446665,-0.36242842423649524
994,182.40953849011265,5.171059848964274,-0.363297058248381
995,182.41060569236797,5.184205358816872,-0.358395867390798
996,182.39859716772432,5.168839209877373,-0.3598618528261861
997,182.40713387707797,5.150175654359093,-0.35804001976486427
998,182.4123924560363,5.162907621271978,-0.3580250705935428
999,182.41206637558398,5.130746999530791,-0.35757300860476593
1000,182.3966411514544,5.181583121556556,-0.3579148823870231
1001,182.4042452394299,5.139851460908831,-0.35283039597846116
1002,182.40372582534818,5.163491210540746,-0.34721650437841545
1003,182.39843232402524,5.1605620432214625,-0.356589136183751
1004,182.40932851029675,5.146556883247539,-0.34600081481863704
1005,182.40320142770838,5.210100674522053,-0.3415067886451012
1006,182.42199216206933,5.116635248659559,-0.3604049931006598
1007,182.39224769036375,5.1412866359613405,-0.35253380417129954
1008,182.4060846131875,5.101286736533343,-0.3651455548211985
1009,182.4024735090506,5.14886900983348,-0.3566335701091843
1010,182.41407233535193,5.086955641255568,-0.3579744216196252
1011,182.40196169529855,5.154675126988112,-0.3513274625424845
1012,182.4018700401919,5.154714795004276,-0.35117719528633046
1013,182.40101558788055,5.113743231205777,-0.35805079358596076
